INSERT INTO G_TIPODOCUMENTO (TIPODOCUMENTO, NOMBRE) VALUES (11, 'Registro Civil de Nacimiento');
INSERT INTO G_TIPODOCUMENTO (TIPODOCUMENTO, NOMBRE) VALUES (12, 'Tarjeta de Identidad');
INSERT INTO G_TIPODOCUMENTO (TIPODOCUMENTO, NOMBRE) VALUES (13, 'Cedula de Ciudadanía');
INSERT INTO G_TIPODOCUMENTO (TIPODOCUMENTO, NOMBRE) VALUES (21, 'Tarjeta de Extranjería');
INSERT INTO G_TIPODOCUMENTO (TIPODOCUMENTO, NOMBRE) VALUES (22, 'Cedula de Extranjería');
INSERT INTO G_TIPODOCUMENTO (TIPODOCUMENTO, NOMBRE) VALUES (31, 'NIT');
INSERT INTO G_TIPODOCUMENTO (TIPODOCUMENTO, NOMBRE) VALUES (41, 'Pasaporte');
INSERT INTO G_TIPODOCUMENTO (TIPODOCUMENTO, NOMBRE) VALUES (42, 'Tipo de Documento Extranjero');
INSERT INTO G_TIPODOCUMENTO (TIPODOCUMENTO, NOMBRE) VALUES (43, 'Documento para I. Exógena');
INSERT INTO G_TIPODOCUMENTO (TIPODOCUMENTO, NOMBRE) VALUES (80, 'C.U.I.T.');

INSERT INTO G_PAIS (PAIS, NOMBRE) VALUES ('CO', 'COLOMBIA');

INSERT INTO G_DEPARTAMENTO (DEPARTAMENTO, NOMBRE, PAIS) VALUES ('15', 'BOYACA', 'CO');
INSERT INTO G_DEPARTAMENTO (DEPARTAMENTO, NOMBRE, PAIS) VALUES ('50', 'META', 'CO');
INSERT INTO G_DEPARTAMENTO (DEPARTAMENTO, NOMBRE, PAIS) VALUES ('73', 'TOLIMA', 'CO');
INSERT INTO G_DEPARTAMENTO (DEPARTAMENTO, NOMBRE, PAIS) VALUES ('11', 'BOGOTÁ', 'CO');
INSERT INTO G_DEPARTAMENTO (DEPARTAMENTO, NOMBRE, PAIS) VALUES ('68', 'SANTANDER', 'CO');
INSERT INTO G_DEPARTAMENTO (DEPARTAMENTO, NOMBRE, PAIS) VALUES ('70', 'SUCRE', 'CO');
INSERT INTO G_DEPARTAMENTO (DEPARTAMENTO, NOMBRE, PAIS) VALUES ('91', 'AMAZONAS', 'CO');
INSERT INTO G_DEPARTAMENTO (DEPARTAMENTO, NOMBRE, PAIS) VALUES ('05', 'ANTIOQUIA', 'CO');
INSERT INTO G_DEPARTAMENTO (DEPARTAMENTO, NOMBRE, PAIS) VALUES ('44', 'LA GUAJIRA', 'CO');
INSERT INTO G_DEPARTAMENTO (DEPARTAMENTO, NOMBRE, PAIS) VALUES ('63', 'QUINDIO', 'CO');
INSERT INTO G_DEPARTAMENTO (DEPARTAMENTO, NOMBRE, PAIS) VALUES ('76', 'VALLE', 'CO');
INSERT INTO G_DEPARTAMENTO (DEPARTAMENTO, NOMBRE, PAIS) VALUES ('81', 'ARAUCA', 'CO');
INSERT INTO G_DEPARTAMENTO (DEPARTAMENTO, NOMBRE, PAIS) VALUES ('08', 'ATLANTICO', 'CO');
INSERT INTO G_DEPARTAMENTO (DEPARTAMENTO, NOMBRE, PAIS) VALUES ('25', 'CUNDINAMARCA', 'CO');
INSERT INTO G_DEPARTAMENTO (DEPARTAMENTO, NOMBRE, PAIS) VALUES ('41', 'HUILA', 'CO');
INSERT INTO G_DEPARTAMENTO (DEPARTAMENTO, NOMBRE, PAIS) VALUES ('47', 'MAGDALENA', 'CO');
INSERT INTO G_DEPARTAMENTO (DEPARTAMENTO, NOMBRE, PAIS) VALUES ('66', 'RISARALDA', 'CO');
INSERT INTO G_DEPARTAMENTO (DEPARTAMENTO, NOMBRE, PAIS) VALUES ('17', 'CALDAS', 'CO');
INSERT INTO G_DEPARTAMENTO (DEPARTAMENTO, NOMBRE, PAIS) VALUES ('13', 'BOLÍVAR', 'CO');
INSERT INTO G_DEPARTAMENTO (DEPARTAMENTO, NOMBRE, PAIS) VALUES ('19', 'CAUCA', 'CO');
INSERT INTO G_DEPARTAMENTO (DEPARTAMENTO, NOMBRE, PAIS) VALUES ('94', 'GUAINIA', 'CO');
INSERT INTO G_DEPARTAMENTO (DEPARTAMENTO, NOMBRE, PAIS) VALUES ('95', 'GUAVIARE', 'CO');
INSERT INTO G_DEPARTAMENTO (DEPARTAMENTO, NOMBRE, PAIS) VALUES ('20', 'CESAR', 'CO');
INSERT INTO G_DEPARTAMENTO (DEPARTAMENTO, NOMBRE, PAIS) VALUES ('86', 'PUTUMAYO', 'CO');
INSERT INTO G_DEPARTAMENTO (DEPARTAMENTO, NOMBRE, PAIS) VALUES ('23', 'CÓRDOBA', 'CO');
INSERT INTO G_DEPARTAMENTO (DEPARTAMENTO, NOMBRE, PAIS) VALUES ('88', 'SAN ANDRÉS', 'CO');
INSERT INTO G_DEPARTAMENTO (DEPARTAMENTO, NOMBRE, PAIS) VALUES ('18', 'CAQUETA', 'CO');
INSERT INTO G_DEPARTAMENTO (DEPARTAMENTO, NOMBRE, PAIS) VALUES ('27', 'CHOCO', 'CO');
INSERT INTO G_DEPARTAMENTO (DEPARTAMENTO, NOMBRE, PAIS) VALUES ('54', 'NORTE SANTANDER', 'CO');
INSERT INTO G_DEPARTAMENTO (DEPARTAMENTO, NOMBRE, PAIS) VALUES ('85', 'CASANARE', 'CO');
INSERT INTO G_DEPARTAMENTO (DEPARTAMENTO, NOMBRE, PAIS) VALUES ('97', 'VAUPES', 'CO');
INSERT INTO G_DEPARTAMENTO (DEPARTAMENTO, NOMBRE, PAIS) VALUES ('99', 'VICHADA', 'CO');
INSERT INTO G_DEPARTAMENTO (DEPARTAMENTO, NOMBRE, PAIS) VALUES ('52', 'NARIÑO', 'CO');

INSERT INTO G_CIUDAD (CIUDAD, DEPARTAMENTO, PAIS, NOMBRE) VALUES ('761', '15', 'CO', 'SOMONDOCO');
INSERT INTO G_CIUDAD (CIUDAD, DEPARTAMENTO, PAIS, NOMBRE) VALUES ('762', '15', 'CO', 'SORA');
INSERT INTO G_CIUDAD (CIUDAD, DEPARTAMENTO, PAIS, NOMBRE) VALUES ('763', '15', 'CO', 'SOTAQUIRA');
INSERT INTO G_CIUDAD (CIUDAD, DEPARTAMENTO, PAIS, NOMBRE) VALUES ('776', '15', 'CO', 'SUTAMARCHAN');
INSERT INTO G_CIUDAD (CIUDAD, DEPARTAMENTO, PAIS, NOMBRE) VALUES ('778', '15', 'CO', 'SUTATENZA');
INSERT INTO G_CIUDAD (CIUDAD, DEPARTAMENTO, PAIS, NOMBRE) VALUES ('790', '15', 'CO', 'TASCO');
INSERT INTO G_CIUDAD (CIUDAD, DEPARTAMENTO, PAIS, NOMBRE) VALUES ('798', '15', 'CO', 'TENZA');
INSERT INTO G_CIUDAD (CIUDAD, DEPARTAMENTO, PAIS, NOMBRE) VALUES ('808', '15', 'CO', 'TINJACA');
INSERT INTO G_CIUDAD (CIUDAD, DEPARTAMENTO, PAIS, NOMBRE) VALUES ('810', '15', 'CO', 'TIPACOQUE');
INSERT INTO G_CIUDAD (CIUDAD, DEPARTAMENTO, PAIS, NOMBRE) VALUES ('814', '15', 'CO', 'TOCA');
INSERT INTO G_CIUDAD (CIUDAD, DEPARTAMENTO, PAIS, NOMBRE) VALUES ('820', '15', 'CO', 'TOPAGA');
INSERT INTO G_CIUDAD (CIUDAD, DEPARTAMENTO, PAIS, NOMBRE) VALUES ('822', '15', 'CO', 'TOTA');
INSERT INTO G_CIUDAD (CIUDAD, DEPARTAMENTO, PAIS, NOMBRE) VALUES ('835', '15', 'CO', 'TURMEQUE');
INSERT INTO G_CIUDAD (CIUDAD, DEPARTAMENTO, PAIS, NOMBRE) VALUES ('837', '15', 'CO', 'TUTA');
INSERT INTO G_CIUDAD (CIUDAD, DEPARTAMENTO, PAIS, NOMBRE) VALUES ('842', '15', 'CO', 'UMBITA');
INSERT INTO G_CIUDAD (CIUDAD, DEPARTAMENTO, PAIS, NOMBRE) VALUES ('861', '15', 'CO', 'VENTAQUEMADA');
INSERT INTO G_CIUDAD (CIUDAD, DEPARTAMENTO, PAIS, NOMBRE) VALUES ('879', '15', 'CO', 'VIRACACHA');
INSERT INTO G_CIUDAD (CIUDAD, DEPARTAMENTO, PAIS, NOMBRE) VALUES ('013', '17', 'CO', 'AGUADAS');
INSERT INTO G_CIUDAD (CIUDAD, DEPARTAMENTO, PAIS, NOMBRE) VALUES ('042', '17', 'CO', 'ANSERMA');
INSERT INTO G_CIUDAD (CIUDAD, DEPARTAMENTO, PAIS, NOMBRE) VALUES ('050', '17', 'CO', 'ARANZAZU');
INSERT INTO G_CIUDAD (CIUDAD, DEPARTAMENTO, PAIS, NOMBRE) VALUES ('088', '17', 'CO', 'BELALCAZAR');
INSERT INTO G_CIUDAD (CIUDAD, DEPARTAMENTO, PAIS, NOMBRE) VALUES ('174', '17', 'CO', 'CHINCHINA');
INSERT INTO G_CIUDAD (CIUDAD, DEPARTAMENTO, PAIS, NOMBRE) VALUES ('388', '17', 'CO', 'LA MERCED');
INSERT INTO G_CIUDAD (CIUDAD, DEPARTAMENTO, PAIS, NOMBRE) VALUES ('433', '17', 'CO', 'MANZANARES');
INSERT INTO G_CIUDAD (CIUDAD, DEPARTAMENTO, PAIS, NOMBRE) VALUES ('442', '17', 'CO', 'MARMATO');
INSERT INTO G_CIUDAD (CIUDAD, DEPARTAMENTO, PAIS, NOMBRE) VALUES ('444', '17', 'CO', 'MARQUETALIA');
INSERT INTO G_CIUDAD (CIUDAD, DEPARTAMENTO, PAIS, NOMBRE) VALUES ('446', '17', 'CO', 'MARULANDA');
INSERT INTO G_CIUDAD (CIUDAD, DEPARTAMENTO, PAIS, NOMBRE) VALUES ('513', '17', 'CO', 'PACORA');
INSERT INTO G_CIUDAD (CIUDAD, DEPARTAMENTO, PAIS, NOMBRE) VALUES ('524', '17', 'CO', 'PALESTINA');
INSERT INTO G_CIUDAD (CIUDAD, DEPARTAMENTO, PAIS, NOMBRE) VALUES ('541', '17', 'CO', 'PENSILVANIA');
INSERT INTO G_CIUDAD (CIUDAD, DEPARTAMENTO, PAIS, NOMBRE) VALUES ('614', '17', 'CO', 'RIOSUCIO');
INSERT INTO G_CIUDAD (CIUDAD, DEPARTAMENTO, PAIS, NOMBRE) VALUES ('662', '17', 'CO', 'SAMANA');
INSERT INTO G_CIUDAD (CIUDAD, DEPARTAMENTO, PAIS, NOMBRE) VALUES ('665', '17', 'CO', 'SAN JOSE');
INSERT INTO G_CIUDAD (CIUDAD, DEPARTAMENTO, PAIS, NOMBRE) VALUES ('777', '17', 'CO', 'SUPIA');
INSERT INTO G_CIUDAD (CIUDAD, DEPARTAMENTO, PAIS, NOMBRE) VALUES ('867', '17', 'CO', 'VICTORIA');
INSERT INTO G_CIUDAD (CIUDAD, DEPARTAMENTO, PAIS, NOMBRE) VALUES ('873', '17', 'CO', 'VILLAMARIA');
INSERT INTO G_CIUDAD (CIUDAD, DEPARTAMENTO, PAIS, NOMBRE) VALUES ('029', '18', 'CO', 'ALBANIA');
INSERT INTO G_CIUDAD (CIUDAD, DEPARTAMENTO, PAIS, NOMBRE) VALUES ('094', '18', 'CO', 'BELEN DE LOS ANDAQUIES');
INSERT INTO G_CIUDAD (CIUDAD, DEPARTAMENTO, PAIS, NOMBRE) VALUES ('150', '18', 'CO', 'CARTAGENA DEL CHAIRA');
INSERT INTO G_CIUDAD (CIUDAD, DEPARTAMENTO, PAIS, NOMBRE) VALUES ('205', '18', 'CO', 'CURILLO');
INSERT INTO G_CIUDAD (CIUDAD, DEPARTAMENTO, PAIS, NOMBRE) VALUES ('256', '18', 'CO', 'EL PAUJIL');
INSERT INTO G_CIUDAD (CIUDAD, DEPARTAMENTO, PAIS, NOMBRE) VALUES ('460', '18', 'CO', 'MILAN');
INSERT INTO G_CIUDAD (CIUDAD, DEPARTAMENTO, PAIS, NOMBRE) VALUES ('479', '18', 'CO', 'MORELIA');
INSERT INTO G_CIUDAD (CIUDAD, DEPARTAMENTO, PAIS, NOMBRE) VALUES ('592', '18', 'CO', 'PUERTO RICO');
INSERT INTO G_CIUDAD (CIUDAD, DEPARTAMENTO, PAIS, NOMBRE) VALUES ('610', '18', 'CO', 'SAN JOSE DEL FRAGUA');
INSERT INTO G_CIUDAD (CIUDAD, DEPARTAMENTO, PAIS, NOMBRE) VALUES ('753', '18', 'CO', 'SAN VICENTE DEL CAGUAN');
INSERT INTO G_CIUDAD (CIUDAD, DEPARTAMENTO, PAIS, NOMBRE) VALUES ('785', '18', 'CO', 'SOLITA');
INSERT INTO G_CIUDAD (CIUDAD, DEPARTAMENTO, PAIS, NOMBRE) VALUES ('001', '19', 'CO', 'POPAYAN');
INSERT INTO G_CIUDAD (CIUDAD, DEPARTAMENTO, PAIS, NOMBRE) VALUES ('022', '19', 'CO', 'ALMAGUER');
INSERT INTO G_CIUDAD (CIUDAD, DEPARTAMENTO, PAIS, NOMBRE) VALUES ('075', '19', 'CO', 'BALBOA');
INSERT INTO G_CIUDAD (CIUDAD, DEPARTAMENTO, PAIS, NOMBRE) VALUES ('100', '19', 'CO', 'BOLIVAR');
INSERT INTO G_CIUDAD (CIUDAD, DEPARTAMENTO, PAIS, NOMBRE) VALUES ('110', '19', 'CO', 'BUENOS AIRES');
INSERT INTO G_CIUDAD (CIUDAD, DEPARTAMENTO, PAIS, NOMBRE) VALUES ('137', '19', 'CO', 'CALDONO');
INSERT INTO G_CIUDAD (CIUDAD, DEPARTAMENTO, PAIS, NOMBRE) VALUES ('212', '19', 'CO', 'CORINTO');
INSERT INTO G_CIUDAD (CIUDAD, DEPARTAMENTO, PAIS, NOMBRE) VALUES ('256', '19', 'CO', 'EL TAMBO');
INSERT INTO G_CIUDAD (CIUDAD, DEPARTAMENTO, PAIS, NOMBRE) VALUES ('290', '19', 'CO', 'FLORENCIA');
INSERT INTO G_CIUDAD (CIUDAD, DEPARTAMENTO, PAIS, NOMBRE) VALUES ('355', '19', 'CO', 'INZA');
INSERT INTO G_CIUDAD (CIUDAD, DEPARTAMENTO, PAIS, NOMBRE) VALUES ('392', '19', 'CO', 'LA SIERRA');
INSERT INTO G_CIUDAD (CIUDAD, DEPARTAMENTO, PAIS, NOMBRE) VALUES ('397', '19', 'CO', 'LA VEGA');
INSERT INTO G_CIUDAD (CIUDAD, DEPARTAMENTO, PAIS, NOMBRE) VALUES ('418', '19', 'CO', 'LOPEZ');
INSERT INTO G_CIUDAD (CIUDAD, DEPARTAMENTO, PAIS, NOMBRE) VALUES ('455', '19', 'CO', 'MIRANDA');
INSERT INTO G_CIUDAD (CIUDAD, DEPARTAMENTO, PAIS, NOMBRE) VALUES ('513', '19', 'CO', 'PADILLA');
INSERT INTO G_CIUDAD (CIUDAD, DEPARTAMENTO, PAIS, NOMBRE) VALUES ('517', '19', 'CO', 'PAEZ');
INSERT INTO G_CIUDAD (CIUDAD, DEPARTAMENTO, PAIS, NOMBRE) VALUES ('532', '19', 'CO', 'PATIA');
INSERT INTO G_CIUDAD (CIUDAD, DEPARTAMENTO, PAIS, NOMBRE) VALUES ('533', '19', 'CO', 'PIAMONTE');
INSERT INTO G_CIUDAD (CIUDAD, DEPARTAMENTO, PAIS, NOMBRE) VALUES ('548', '19', 'CO', 'PIENDAMO');
INSERT INTO G_CIUDAD (CIUDAD, DEPARTAMENTO, PAIS, NOMBRE) VALUES ('622', '19', 'CO', 'ROSAS');
INSERT INTO G_CIUDAD (CIUDAD, DEPARTAMENTO, PAIS, NOMBRE) VALUES ('693', '19', 'CO', 'SAN SEBASTIAN');
INSERT INTO G_CIUDAD (CIUDAD, DEPARTAMENTO, PAIS, NOMBRE) VALUES ('698', '19', 'CO', 'SANTANDER DE QUILICHAO');
INSERT INTO G_CIUDAD (CIUDAD, DEPARTAMENTO, PAIS, NOMBRE) VALUES ('701', '19', 'CO', 'SANTA ROSA');
INSERT INTO G_CIUDAD (CIUDAD, DEPARTAMENTO, PAIS, NOMBRE) VALUES ('760', '19', 'CO', 'SOTARA');
INSERT INTO G_CIUDAD (CIUDAD, DEPARTAMENTO, PAIS, NOMBRE) VALUES ('785', '19', 'CO', 'SUCRE');
INSERT INTO G_CIUDAD (CIUDAD, DEPARTAMENTO, PAIS, NOMBRE) VALUES ('807', '19', 'CO', 'TIMBIO');
INSERT INTO G_CIUDAD (CIUDAD, DEPARTAMENTO, PAIS, NOMBRE) VALUES ('809', '19', 'CO', 'TIMBIQUI');
INSERT INTO G_CIUDAD (CIUDAD, DEPARTAMENTO, PAIS, NOMBRE) VALUES ('824', '19', 'CO', 'TOTORO');
INSERT INTO G_CIUDAD (CIUDAD, DEPARTAMENTO, PAIS, NOMBRE) VALUES ('001', '20', 'CO', 'VALLEDUPAR');
INSERT INTO G_CIUDAD (CIUDAD, DEPARTAMENTO, PAIS, NOMBRE) VALUES ('011', '20', 'CO', 'AGUACHICA');
INSERT INTO G_CIUDAD (CIUDAD, DEPARTAMENTO, PAIS, NOMBRE) VALUES ('013', '20', 'CO', 'AGUSTIN CODAZZI');
INSERT INTO G_CIUDAD (CIUDAD, DEPARTAMENTO, PAIS, NOMBRE) VALUES ('032', '20', 'CO', 'ASTREA');
INSERT INTO G_CIUDAD (CIUDAD, DEPARTAMENTO, PAIS, NOMBRE) VALUES ('060', '20', 'CO', 'BOSCONIA');
INSERT INTO G_CIUDAD (CIUDAD, DEPARTAMENTO, PAIS, NOMBRE) VALUES ('178', '20', 'CO', 'CHIRIGUANA');
INSERT INTO G_CIUDAD (CIUDAD, DEPARTAMENTO, PAIS, NOMBRE) VALUES ('228', '20', 'CO', 'CURUMANI');
INSERT INTO G_CIUDAD (CIUDAD, DEPARTAMENTO, PAIS, NOMBRE) VALUES ('238', '20', 'CO', 'EL COPEY');
INSERT INTO G_CIUDAD (CIUDAD, DEPARTAMENTO, PAIS, NOMBRE) VALUES ('295', '20', 'CO', 'GAMARRA');
INSERT INTO G_CIUDAD (CIUDAD, DEPARTAMENTO, PAIS, NOMBRE) VALUES ('310', '20', 'CO', 'GONZALEZ');
INSERT INTO G_CIUDAD (CIUDAD, DEPARTAMENTO, PAIS, NOMBRE) VALUES ('400', '20', 'CO', 'LA JAGUA DE IBIRICO');
INSERT INTO G_CIUDAD (CIUDAD, DEPARTAMENTO, PAIS, NOMBRE) VALUES ('443', '20', 'CO', 'MANAURE');
INSERT INTO G_CIUDAD (CIUDAD, DEPARTAMENTO, PAIS, NOMBRE) VALUES ('517', '20', 'CO', 'PAILITAS');
INSERT INTO G_CIUDAD (CIUDAD, DEPARTAMENTO, PAIS, NOMBRE) VALUES ('570', '20', 'CO', 'PUEBLO BELLO');
INSERT INTO G_CIUDAD (CIUDAD, DEPARTAMENTO, PAIS, NOMBRE) VALUES ('614', '20', 'CO', 'RIO DE ORO');
INSERT INTO G_CIUDAD (CIUDAD, DEPARTAMENTO, PAIS, NOMBRE) VALUES ('710', '20', 'CO', 'SAN ALBERTO');
INSERT INTO G_CIUDAD (CIUDAD, DEPARTAMENTO, PAIS, NOMBRE) VALUES ('750', '20', 'CO', 'SAN DIEGO');
INSERT INTO G_CIUDAD (CIUDAD, DEPARTAMENTO, PAIS, NOMBRE) VALUES ('787', '20', 'CO', 'TAMALAMEQUE');
INSERT INTO G_CIUDAD (CIUDAD, DEPARTAMENTO, PAIS, NOMBRE) VALUES ('068', '23', 'CO', 'AYAPEL');
INSERT INTO G_CIUDAD (CIUDAD, DEPARTAMENTO, PAIS, NOMBRE) VALUES ('079', '23', 'CO', 'BUENAVISTA');
INSERT INTO G_CIUDAD (CIUDAD, DEPARTAMENTO, PAIS, NOMBRE) VALUES ('090', '23', 'CO', 'CANALETE');
INSERT INTO G_CIUDAD (CIUDAD, DEPARTAMENTO, PAIS, NOMBRE) VALUES ('162', '23', 'CO', 'CERETE');
INSERT INTO G_CIUDAD (CIUDAD, DEPARTAMENTO, PAIS, NOMBRE) VALUES ('182', '23', 'CO', 'CHINU');
INSERT INTO G_CIUDAD (CIUDAD, DEPARTAMENTO, PAIS, NOMBRE) VALUES ('300', '23', 'CO', 'COTORRA');
INSERT INTO G_CIUDAD (CIUDAD, DEPARTAMENTO, PAIS, NOMBRE) VALUES ('350', '23', 'CO', 'LA APARTADA');
INSERT INTO G_CIUDAD (CIUDAD, DEPARTAMENTO, PAIS, NOMBRE) VALUES ('417', '23', 'CO', 'LORICA');
INSERT INTO G_CIUDAD (CIUDAD, DEPARTAMENTO, PAIS, NOMBRE) VALUES ('464', '23', 'CO', 'MOMIL');
INSERT INTO G_CIUDAD (CIUDAD, DEPARTAMENTO, PAIS, NOMBRE) VALUES ('466', '23', 'CO', 'MONTELIBANO');
INSERT INTO G_CIUDAD (CIUDAD, DEPARTAMENTO, PAIS, NOMBRE) VALUES ('500', '23', 'CO', 'MOÑITOS');
INSERT INTO G_CIUDAD (CIUDAD, DEPARTAMENTO, PAIS, NOMBRE) VALUES ('570', '23', 'CO', 'PUEBLO NUEVO');
INSERT INTO G_CIUDAD (CIUDAD, DEPARTAMENTO, PAIS, NOMBRE) VALUES ('574', '23', 'CO', 'PUERTO ESCONDIDO');
INSERT INTO G_CIUDAD (CIUDAD, DEPARTAMENTO, PAIS, NOMBRE) VALUES ('580', '23', 'CO', 'PUERTO LIBERTADOR');
INSERT INTO G_CIUDAD (CIUDAD, DEPARTAMENTO, PAIS, NOMBRE) VALUES ('660', '23', 'CO', 'SAHAGUN');
INSERT INTO G_CIUDAD (CIUDAD, DEPARTAMENTO, PAIS, NOMBRE) VALUES ('670', '23', 'CO', 'SAN ANDRES SOTAVENTO');
INSERT INTO G_CIUDAD (CIUDAD, DEPARTAMENTO, PAIS, NOMBRE) VALUES ('672', '23', 'CO', 'SAN ANTERO');
INSERT INTO G_CIUDAD (CIUDAD, DEPARTAMENTO, PAIS, NOMBRE) VALUES ('678', '23', 'CO', 'SAN CARLOS');
INSERT INTO G_CIUDAD (CIUDAD, DEPARTAMENTO, PAIS, NOMBRE) VALUES ('686', '23', 'CO', 'SAN PELAYO');
INSERT INTO G_CIUDAD (CIUDAD, DEPARTAMENTO, PAIS, NOMBRE) VALUES ('855', '23', 'CO', 'VALENCIA');
INSERT INTO G_CIUDAD (CIUDAD, DEPARTAMENTO, PAIS, NOMBRE) VALUES ('001', '25', 'CO', 'AGUA DE DIOS');
INSERT INTO G_CIUDAD (CIUDAD, DEPARTAMENTO, PAIS, NOMBRE) VALUES ('019', '25', 'CO', 'ALBAN');
INSERT INTO G_CIUDAD (CIUDAD, DEPARTAMENTO, PAIS, NOMBRE) VALUES ('035', '25', 'CO', 'ANAPOIMA');
INSERT INTO G_CIUDAD (CIUDAD, DEPARTAMENTO, PAIS, NOMBRE) VALUES ('040', '25', 'CO', 'ANOLAIMA');
INSERT INTO G_CIUDAD (CIUDAD, DEPARTAMENTO, PAIS, NOMBRE) VALUES ('086', '25', 'CO', 'BELTRAN');
INSERT INTO G_CIUDAD (CIUDAD, DEPARTAMENTO, PAIS, NOMBRE) VALUES ('099', '25', 'CO', 'BOJACA');
INSERT INTO G_CIUDAD (CIUDAD, DEPARTAMENTO, PAIS, NOMBRE) VALUES ('120', '25', 'CO', 'CABRERA');
INSERT INTO G_CIUDAD (CIUDAD, DEPARTAMENTO, PAIS, NOMBRE) VALUES ('123', '25', 'CO', 'CACHIPAY');
INSERT INTO G_CIUDAD (CIUDAD, DEPARTAMENTO, PAIS, NOMBRE) VALUES ('126', '25', 'CO', 'CAJICA');
INSERT INTO G_CIUDAD (CIUDAD, DEPARTAMENTO, PAIS, NOMBRE) VALUES ('154', '25', 'CO', 'CARMEN DE CARUPA');
INSERT INTO G_CIUDAD (CIUDAD, DEPARTAMENTO, PAIS, NOMBRE) VALUES ('168', '25', 'CO', 'CHAGUANI');
INSERT INTO G_CIUDAD (CIUDAD, DEPARTAMENTO, PAIS, NOMBRE) VALUES ('175', '25', 'CO', 'CHIA');
INSERT INTO G_CIUDAD (CIUDAD, DEPARTAMENTO, PAIS, NOMBRE) VALUES ('178', '25', 'CO', 'CHIPAQUE');
INSERT INTO G_CIUDAD (CIUDAD, DEPARTAMENTO, PAIS, NOMBRE) VALUES ('181', '25', 'CO', 'CHOACHI');
INSERT INTO G_CIUDAD (CIUDAD, DEPARTAMENTO, PAIS, NOMBRE) VALUES ('214', '25', 'CO', 'COTA');
INSERT INTO G_CIUDAD (CIUDAD, DEPARTAMENTO, PAIS, NOMBRE) VALUES ('224', '25', 'CO', 'CUCUNUBA');
INSERT INTO G_CIUDAD (CIUDAD, DEPARTAMENTO, PAIS, NOMBRE) VALUES ('245', '25', 'CO', 'EL COLEGIO');
INSERT INTO G_CIUDAD (CIUDAD, DEPARTAMENTO, PAIS, NOMBRE) VALUES ('258', '25', 'CO', 'EL PEÑON');
INSERT INTO G_CIUDAD (CIUDAD, DEPARTAMENTO, PAIS, NOMBRE) VALUES ('279', '25', 'CO', 'FOMEQUE');
INSERT INTO G_CIUDAD (CIUDAD, DEPARTAMENTO, PAIS, NOMBRE) VALUES ('281', '25', 'CO', 'FOSCA');
INSERT INTO G_CIUDAD (CIUDAD, DEPARTAMENTO, PAIS, NOMBRE) VALUES ('286', '25', 'CO', 'FUNZA');
INSERT INTO G_CIUDAD (CIUDAD, DEPARTAMENTO, PAIS, NOMBRE) VALUES ('288', '25', 'CO', 'FUQUENE');
INSERT INTO G_CIUDAD (CIUDAD, DEPARTAMENTO, PAIS, NOMBRE) VALUES ('290', '25', 'CO', 'FUSAGASUGA');
INSERT INTO G_CIUDAD (CIUDAD, DEPARTAMENTO, PAIS, NOMBRE) VALUES ('297', '25', 'CO', 'GACHETA');
INSERT INTO G_CIUDAD (CIUDAD, DEPARTAMENTO, PAIS, NOMBRE) VALUES ('299', '25', 'CO', 'GAMA');
INSERT INTO G_CIUDAD (CIUDAD, DEPARTAMENTO, PAIS, NOMBRE) VALUES ('307', '25', 'CO', 'GIRARDOT');
INSERT INTO G_CIUDAD (CIUDAD, DEPARTAMENTO, PAIS, NOMBRE) VALUES ('312', '25', 'CO', 'GRANADA');
INSERT INTO G_CIUDAD (CIUDAD, DEPARTAMENTO, PAIS, NOMBRE) VALUES ('320', '25', 'CO', 'GUADUAS');
INSERT INTO G_CIUDAD (CIUDAD, DEPARTAMENTO, PAIS, NOMBRE) VALUES ('324', '25', 'CO', 'GUATAQUI');
INSERT INTO G_CIUDAD (CIUDAD, DEPARTAMENTO, PAIS, NOMBRE) VALUES ('326', '25', 'CO', 'GUATAVITA');
INSERT INTO G_CIUDAD (CIUDAD, DEPARTAMENTO, PAIS, NOMBRE) VALUES ('328', '25', 'CO', 'GUAYABAL DE SIQUIMA');
INSERT INTO G_CIUDAD (CIUDAD, DEPARTAMENTO, PAIS, NOMBRE) VALUES ('339', '25', 'CO', 'GUTIERREZ');
INSERT INTO G_CIUDAD (CIUDAD, DEPARTAMENTO, PAIS, NOMBRE) VALUES ('372', '25', 'CO', 'JUNIN');
INSERT INTO G_CIUDAD (CIUDAD, DEPARTAMENTO, PAIS, NOMBRE) VALUES ('377', '25', 'CO', 'LA CALERA');
INSERT INTO G_CIUDAD (CIUDAD, DEPARTAMENTO, PAIS, NOMBRE) VALUES ('386', '25', 'CO', 'LA MESA');
INSERT INTO G_CIUDAD (CIUDAD, DEPARTAMENTO, PAIS, NOMBRE) VALUES ('394', '25', 'CO', 'LA PALMA');
INSERT INTO G_CIUDAD (CIUDAD, DEPARTAMENTO, PAIS, NOMBRE) VALUES ('402', '25', 'CO', 'LA VEGA');
INSERT INTO G_CIUDAD (CIUDAD, DEPARTAMENTO, PAIS, NOMBRE) VALUES ('426', '25', 'CO', 'MACHETA');
INSERT INTO G_CIUDAD (CIUDAD, DEPARTAMENTO, PAIS, NOMBRE) VALUES ('430', '25', 'CO', 'MADRID');
INSERT INTO G_CIUDAD (CIUDAD, DEPARTAMENTO, PAIS, NOMBRE) VALUES ('436', '25', 'CO', 'MANTA');
INSERT INTO G_CIUDAD (CIUDAD, DEPARTAMENTO, PAIS, NOMBRE) VALUES ('473', '25', 'CO', 'MOSQUERA');
INSERT INTO G_CIUDAD (CIUDAD, DEPARTAMENTO, PAIS, NOMBRE) VALUES ('483', '25', 'CO', 'NARIÑO');
INSERT INTO G_CIUDAD (CIUDAD, DEPARTAMENTO, PAIS, NOMBRE) VALUES ('486', '25', 'CO', 'NEMOCON');
INSERT INTO G_CIUDAD (CIUDAD, DEPARTAMENTO, PAIS, NOMBRE) VALUES ('489', '25', 'CO', 'NIMAIMA');
INSERT INTO G_CIUDAD (CIUDAD, DEPARTAMENTO, PAIS, NOMBRE) VALUES ('506', '25', 'CO', 'VENECIA');
INSERT INTO G_CIUDAD (CIUDAD, DEPARTAMENTO, PAIS, NOMBRE) VALUES ('513', '25', 'CO', 'PACHO');
INSERT INTO G_CIUDAD (CIUDAD, DEPARTAMENTO, PAIS, NOMBRE) VALUES ('518', '25', 'CO', 'PAIME');
INSERT INTO G_CIUDAD (CIUDAD, DEPARTAMENTO, PAIS, NOMBRE) VALUES ('530', '25', 'CO', 'PARATEBUENO');
INSERT INTO G_CIUDAD (CIUDAD, DEPARTAMENTO, PAIS, NOMBRE) VALUES ('572', '25', 'CO', 'PUERTO SALGAR');
INSERT INTO G_CIUDAD (CIUDAD, DEPARTAMENTO, PAIS, NOMBRE) VALUES ('580', '25', 'CO', 'PULI');
INSERT INTO G_CIUDAD (CIUDAD, DEPARTAMENTO, PAIS, NOMBRE) VALUES ('592', '25', 'CO', 'QUEBRADANEGRA');
INSERT INTO G_CIUDAD (CIUDAD, DEPARTAMENTO, PAIS, NOMBRE) VALUES ('599', '25', 'CO', 'APULO');
INSERT INTO G_CIUDAD (CIUDAD, DEPARTAMENTO, PAIS, NOMBRE) VALUES ('612', '25', 'CO', 'RICAURTE');
INSERT INTO G_CIUDAD (CIUDAD, DEPARTAMENTO, PAIS, NOMBRE) VALUES ('645', '25', 'CO', 'SAN ANTONIO DEL TEQUENDAMA');
INSERT INTO G_CIUDAD (CIUDAD, DEPARTAMENTO, PAIS, NOMBRE) VALUES ('649', '25', 'CO', 'SAN BERNARDO');
INSERT INTO G_CIUDAD (CIUDAD, DEPARTAMENTO, PAIS, NOMBRE) VALUES ('662', '25', 'CO', 'SAN JUAN DE RIO SECO');
INSERT INTO G_CIUDAD (CIUDAD, DEPARTAMENTO, PAIS, NOMBRE) VALUES ('718', '25', 'CO', 'SASAIMA');
INSERT INTO G_CIUDAD (CIUDAD, DEPARTAMENTO, PAIS, NOMBRE) VALUES ('736', '25', 'CO', 'SESQUILE');
INSERT INTO G_CIUDAD (CIUDAD, DEPARTAMENTO, PAIS, NOMBRE) VALUES ('740', '25', 'CO', 'SIBATE');
INSERT INTO G_CIUDAD (CIUDAD, DEPARTAMENTO, PAIS, NOMBRE) VALUES ('743', '25', 'CO', 'SILVANIA');
INSERT INTO G_CIUDAD (CIUDAD, DEPARTAMENTO, PAIS, NOMBRE) VALUES ('745', '25', 'CO', 'SIMIJACA');
INSERT INTO G_CIUDAD (CIUDAD, DEPARTAMENTO, PAIS, NOMBRE) VALUES ('769', '25', 'CO', 'SUBACHOQUE');
INSERT INTO G_CIUDAD (CIUDAD, DEPARTAMENTO, PAIS, NOMBRE) VALUES ('772', '25', 'CO', 'SUESCA');
INSERT INTO G_CIUDAD (CIUDAD, DEPARTAMENTO, PAIS, NOMBRE) VALUES ('777', '25', 'CO', 'SUPATA');
INSERT INTO G_CIUDAD (CIUDAD, DEPARTAMENTO, PAIS, NOMBRE) VALUES ('779', '25', 'CO', 'SUSA');
INSERT INTO G_CIUDAD (CIUDAD, DEPARTAMENTO, PAIS, NOMBRE) VALUES ('793', '25', 'CO', 'TAUSA');
INSERT INTO G_CIUDAD (CIUDAD, DEPARTAMENTO, PAIS, NOMBRE) VALUES ('797', '25', 'CO', 'TENA');
INSERT INTO G_CIUDAD (CIUDAD, DEPARTAMENTO, PAIS, NOMBRE) VALUES ('799', '25', 'CO', 'TENJO');
INSERT INTO G_CIUDAD (CIUDAD, DEPARTAMENTO, PAIS, NOMBRE) VALUES ('805', '25', 'CO', 'TIBACUY');
INSERT INTO G_CIUDAD (CIUDAD, DEPARTAMENTO, PAIS, NOMBRE) VALUES ('817', '25', 'CO', 'TOCANCIPA');
INSERT INTO G_CIUDAD (CIUDAD, DEPARTAMENTO, PAIS, NOMBRE) VALUES ('823', '25', 'CO', 'TOPAIPI');
INSERT INTO G_CIUDAD (CIUDAD, DEPARTAMENTO, PAIS, NOMBRE) VALUES ('839', '25', 'CO', 'UBALA');
INSERT INTO G_CIUDAD (CIUDAD, DEPARTAMENTO, PAIS, NOMBRE) VALUES ('841', '25', 'CO', 'UBAQUE');
INSERT INTO G_CIUDAD (CIUDAD, DEPARTAMENTO, PAIS, NOMBRE) VALUES ('843', '25', 'CO', 'VILLA DE SAN DIEGO DE UBATE');
INSERT INTO G_CIUDAD (CIUDAD, DEPARTAMENTO, PAIS, NOMBRE) VALUES ('862', '25', 'CO', 'VERGARA');
INSERT INTO G_CIUDAD (CIUDAD, DEPARTAMENTO, PAIS, NOMBRE) VALUES ('867', '25', 'CO', 'VIANI');
INSERT INTO G_CIUDAD (CIUDAD, DEPARTAMENTO, PAIS, NOMBRE) VALUES ('873', '25', 'CO', 'VILLAPINZON');
INSERT INTO G_CIUDAD (CIUDAD, DEPARTAMENTO, PAIS, NOMBRE) VALUES ('878', '25', 'CO', 'VIOTA');
INSERT INTO G_CIUDAD (CIUDAD, DEPARTAMENTO, PAIS, NOMBRE) VALUES ('898', '25', 'CO', 'ZIPACON');
INSERT INTO G_CIUDAD (CIUDAD, DEPARTAMENTO, PAIS, NOMBRE) VALUES ('899', '25', 'CO', 'ZIPAQUIRA');
INSERT INTO G_CIUDAD (CIUDAD, DEPARTAMENTO, PAIS, NOMBRE) VALUES ('006', '27', 'CO', 'ACANDI');
INSERT INTO G_CIUDAD (CIUDAD, DEPARTAMENTO, PAIS, NOMBRE) VALUES ('050', '27', 'CO', 'ATRATO');
INSERT INTO G_CIUDAD (CIUDAD, DEPARTAMENTO, PAIS, NOMBRE) VALUES ('077', '27', 'CO', 'BAJO BAUDO');
INSERT INTO G_CIUDAD (CIUDAD, DEPARTAMENTO, PAIS, NOMBRE) VALUES ('086', '27', 'CO', 'BELEN DE BAJIRA');
INSERT INTO G_CIUDAD (CIUDAD, DEPARTAMENTO, PAIS, NOMBRE) VALUES ('099', '27', 'CO', 'BOJAYA');
INSERT INTO G_CIUDAD (CIUDAD, DEPARTAMENTO, PAIS, NOMBRE) VALUES ('135', '27', 'CO', 'EL CANTON DEL SAN PABLO');
INSERT INTO G_CIUDAD (CIUDAD, DEPARTAMENTO, PAIS, NOMBRE) VALUES ('245', '27', 'CO', 'EL CARMEN DE ATRATO');
INSERT INTO G_CIUDAD (CIUDAD, DEPARTAMENTO, PAIS, NOMBRE) VALUES ('250', '27', 'CO', 'EL LITORAL DEL SAN JUAN');
INSERT INTO G_CIUDAD (CIUDAD, DEPARTAMENTO, PAIS, NOMBRE) VALUES ('361', '27', 'CO', 'ISTMINA');
INSERT INTO G_CIUDAD (CIUDAD, DEPARTAMENTO, PAIS, NOMBRE) VALUES ('372', '27', 'CO', 'JURADO');
INSERT INTO G_CIUDAD (CIUDAD, DEPARTAMENTO, PAIS, NOMBRE) VALUES ('324', '68', 'CO', 'GUAVATA');
INSERT INTO G_CIUDAD (CIUDAD, DEPARTAMENTO, PAIS, NOMBRE) VALUES ('327', '68', 'CO', 'GUEPSA');
INSERT INTO G_CIUDAD (CIUDAD, DEPARTAMENTO, PAIS, NOMBRE) VALUES ('344', '68', 'CO', 'HATO');
INSERT INTO G_CIUDAD (CIUDAD, DEPARTAMENTO, PAIS, NOMBRE) VALUES ('368', '68', 'CO', 'JESUS MARIA');
INSERT INTO G_CIUDAD (CIUDAD, DEPARTAMENTO, PAIS, NOMBRE) VALUES ('370', '68', 'CO', 'JORDAN');
INSERT INTO G_CIUDAD (CIUDAD, DEPARTAMENTO, PAIS, NOMBRE) VALUES ('377', '68', 'CO', 'LA BELLEZA');
INSERT INTO G_CIUDAD (CIUDAD, DEPARTAMENTO, PAIS, NOMBRE) VALUES ('385', '68', 'CO', 'LANDAZURI');
INSERT INTO G_CIUDAD (CIUDAD, DEPARTAMENTO, PAIS, NOMBRE) VALUES ('397', '68', 'CO', 'LA PAZ');
INSERT INTO G_CIUDAD (CIUDAD, DEPARTAMENTO, PAIS, NOMBRE) VALUES ('406', '68', 'CO', 'LEBRIJA');
INSERT INTO G_CIUDAD (CIUDAD, DEPARTAMENTO, PAIS, NOMBRE) VALUES ('418', '68', 'CO', 'LOS SANTOS');
INSERT INTO G_CIUDAD (CIUDAD, DEPARTAMENTO, PAIS, NOMBRE) VALUES ('425', '68', 'CO', 'MACARAVITA');
INSERT INTO G_CIUDAD (CIUDAD, DEPARTAMENTO, PAIS, NOMBRE) VALUES ('432', '68', 'CO', 'MALAGA');
INSERT INTO G_CIUDAD (CIUDAD, DEPARTAMENTO, PAIS, NOMBRE) VALUES ('444', '68', 'CO', 'MATANZA');
INSERT INTO G_CIUDAD (CIUDAD, DEPARTAMENTO, PAIS, NOMBRE) VALUES ('464', '68', 'CO', 'MOGOTES');
INSERT INTO G_CIUDAD (CIUDAD, DEPARTAMENTO, PAIS, NOMBRE) VALUES ('468', '68', 'CO', 'MOLAGAVITA');
INSERT INTO G_CIUDAD (CIUDAD, DEPARTAMENTO, PAIS, NOMBRE) VALUES ('498', '68', 'CO', 'OCAMONTE');
INSERT INTO G_CIUDAD (CIUDAD, DEPARTAMENTO, PAIS, NOMBRE) VALUES ('500', '68', 'CO', 'OIBA');
INSERT INTO G_CIUDAD (CIUDAD, DEPARTAMENTO, PAIS, NOMBRE) VALUES ('502', '68', 'CO', 'ONZAGA');
INSERT INTO G_CIUDAD (CIUDAD, DEPARTAMENTO, PAIS, NOMBRE) VALUES ('522', '68', 'CO', 'PALMAR');
INSERT INTO G_CIUDAD (CIUDAD, DEPARTAMENTO, PAIS, NOMBRE) VALUES ('524', '68', 'CO', 'PALMAS DEL SOCORRO');
INSERT INTO G_CIUDAD (CIUDAD, DEPARTAMENTO, PAIS, NOMBRE) VALUES ('533', '68', 'CO', 'PARAMO');
INSERT INTO G_CIUDAD (CIUDAD, DEPARTAMENTO, PAIS, NOMBRE) VALUES ('547', '68', 'CO', 'PIEDECUESTA');
INSERT INTO G_CIUDAD (CIUDAD, DEPARTAMENTO, PAIS, NOMBRE) VALUES ('549', '68', 'CO', 'PINCHOTE');
INSERT INTO G_CIUDAD (CIUDAD, DEPARTAMENTO, PAIS, NOMBRE) VALUES ('572', '68', 'CO', 'PUENTE NACIONAL');
INSERT INTO G_CIUDAD (CIUDAD, DEPARTAMENTO, PAIS, NOMBRE) VALUES ('573', '68', 'CO', 'PUERTO PARRA');
INSERT INTO G_CIUDAD (CIUDAD, DEPARTAMENTO, PAIS, NOMBRE) VALUES ('575', '68', 'CO', 'PUERTO WILCHES');
INSERT INTO G_CIUDAD (CIUDAD, DEPARTAMENTO, PAIS, NOMBRE) VALUES ('615', '68', 'CO', 'RIONEGRO');
INSERT INTO G_CIUDAD (CIUDAD, DEPARTAMENTO, PAIS, NOMBRE) VALUES ('655', '68', 'CO', 'SABANA DE TORRES');
INSERT INTO G_CIUDAD (CIUDAD, DEPARTAMENTO, PAIS, NOMBRE) VALUES ('669', '68', 'CO', 'SAN ANDRES');
INSERT INTO G_CIUDAD (CIUDAD, DEPARTAMENTO, PAIS, NOMBRE) VALUES ('679', '68', 'CO', 'SAN GIL');
INSERT INTO G_CIUDAD (CIUDAD, DEPARTAMENTO, PAIS, NOMBRE) VALUES ('682', '68', 'CO', 'SAN JOAQUIN');
INSERT INTO G_CIUDAD (CIUDAD, DEPARTAMENTO, PAIS, NOMBRE) VALUES ('684', '68', 'CO', 'SAN JOSE DE MIRANDA');
INSERT INTO G_CIUDAD (CIUDAD, DEPARTAMENTO, PAIS, NOMBRE) VALUES ('686', '68', 'CO', 'SAN MIGUEL');
INSERT INTO G_CIUDAD (CIUDAD, DEPARTAMENTO, PAIS, NOMBRE) VALUES ('689', '68', 'CO', 'SAN VICENTE DE CHUCURI');
INSERT INTO G_CIUDAD (CIUDAD, DEPARTAMENTO, PAIS, NOMBRE) VALUES ('720', '68', 'CO', 'SANTA HELENA DEL OPON');
INSERT INTO G_CIUDAD (CIUDAD, DEPARTAMENTO, PAIS, NOMBRE) VALUES ('745', '68', 'CO', 'SIMACOTA');
INSERT INTO G_CIUDAD (CIUDAD, DEPARTAMENTO, PAIS, NOMBRE) VALUES ('755', '68', 'CO', 'SOCORRO');
INSERT INTO G_CIUDAD (CIUDAD, DEPARTAMENTO, PAIS, NOMBRE) VALUES ('770', '68', 'CO', 'SUAITA');
INSERT INTO G_CIUDAD (CIUDAD, DEPARTAMENTO, PAIS, NOMBRE) VALUES ('773', '68', 'CO', 'SUCRE');
INSERT INTO G_CIUDAD (CIUDAD, DEPARTAMENTO, PAIS, NOMBRE) VALUES ('780', '68', 'CO', 'SURATA');
INSERT INTO G_CIUDAD (CIUDAD, DEPARTAMENTO, PAIS, NOMBRE) VALUES ('855', '68', 'CO', 'VALLE DE SAN JOSE');
INSERT INTO G_CIUDAD (CIUDAD, DEPARTAMENTO, PAIS, NOMBRE) VALUES ('861', '68', 'CO', 'VELEZ');
INSERT INTO G_CIUDAD (CIUDAD, DEPARTAMENTO, PAIS, NOMBRE) VALUES ('867', '68', 'CO', 'VETAS');
INSERT INTO G_CIUDAD (CIUDAD, DEPARTAMENTO, PAIS, NOMBRE) VALUES ('872', '68', 'CO', 'VILLANUEVA');
INSERT INTO G_CIUDAD (CIUDAD, DEPARTAMENTO, PAIS, NOMBRE) VALUES ('001', '70', 'CO', 'SINCELEJO');
INSERT INTO G_CIUDAD (CIUDAD, DEPARTAMENTO, PAIS, NOMBRE) VALUES ('110', '70', 'CO', 'BUENAVISTA');
INSERT INTO G_CIUDAD (CIUDAD, DEPARTAMENTO, PAIS, NOMBRE) VALUES ('124', '70', 'CO', 'CAIMITO');
INSERT INTO G_CIUDAD (CIUDAD, DEPARTAMENTO, PAIS, NOMBRE) VALUES ('204', '70', 'CO', 'COLOSO');
INSERT INTO G_CIUDAD (CIUDAD, DEPARTAMENTO, PAIS, NOMBRE) VALUES ('221', '70', 'CO', 'COVEÑAS');
INSERT INTO G_CIUDAD (CIUDAD, DEPARTAMENTO, PAIS, NOMBRE) VALUES ('230', '70', 'CO', 'CHALAN');
INSERT INTO G_CIUDAD (CIUDAD, DEPARTAMENTO, PAIS, NOMBRE) VALUES ('233', '70', 'CO', 'EL ROBLE');
INSERT INTO G_CIUDAD (CIUDAD, DEPARTAMENTO, PAIS, NOMBRE) VALUES ('235', '70', 'CO', 'GALERAS');
INSERT INTO G_CIUDAD (CIUDAD, DEPARTAMENTO, PAIS, NOMBRE) VALUES ('265', '70', 'CO', 'GUARANDA');
INSERT INTO G_CIUDAD (CIUDAD, DEPARTAMENTO, PAIS, NOMBRE) VALUES ('418', '70', 'CO', 'LOS PALMITOS');
INSERT INTO G_CIUDAD (CIUDAD, DEPARTAMENTO, PAIS, NOMBRE) VALUES ('429', '70', 'CO', 'MAJAGUAL');
INSERT INTO G_CIUDAD (CIUDAD, DEPARTAMENTO, PAIS, NOMBRE) VALUES ('473', '70', 'CO', 'MORROA');
INSERT INTO G_CIUDAD (CIUDAD, DEPARTAMENTO, PAIS, NOMBRE) VALUES ('508', '70', 'CO', 'OVEJAS');
INSERT INTO G_CIUDAD (CIUDAD, DEPARTAMENTO, PAIS, NOMBRE) VALUES ('523', '70', 'CO', 'PALMITO');
INSERT INTO G_CIUDAD (CIUDAD, DEPARTAMENTO, PAIS, NOMBRE) VALUES ('678', '70', 'CO', 'SAN BENITO ABAD');
INSERT INTO G_CIUDAD (CIUDAD, DEPARTAMENTO, PAIS, NOMBRE) VALUES ('702', '70', 'CO', 'SAN JUAN DE BETULIA');
INSERT INTO G_CIUDAD (CIUDAD, DEPARTAMENTO, PAIS, NOMBRE) VALUES ('708', '70', 'CO', 'SAN MARCOS');
INSERT INTO G_CIUDAD (CIUDAD, DEPARTAMENTO, PAIS, NOMBRE) VALUES ('713', '70', 'CO', 'SAN ONOFRE');
INSERT INTO G_CIUDAD (CIUDAD, DEPARTAMENTO, PAIS, NOMBRE) VALUES ('742', '70', 'CO', 'SINCE');
INSERT INTO G_CIUDAD (CIUDAD, DEPARTAMENTO, PAIS, NOMBRE) VALUES ('771', '70', 'CO', 'SUCRE');
INSERT INTO G_CIUDAD (CIUDAD, DEPARTAMENTO, PAIS, NOMBRE) VALUES ('820', '70', 'CO', 'SANTIAGO DE TOLU');
INSERT INTO G_CIUDAD (CIUDAD, DEPARTAMENTO, PAIS, NOMBRE) VALUES ('823', '70', 'CO', 'TOLU VIEJO');
INSERT INTO G_CIUDAD (CIUDAD, DEPARTAMENTO, PAIS, NOMBRE) VALUES ('001', '73', 'CO', 'IBAGUE');
INSERT INTO G_CIUDAD (CIUDAD, DEPARTAMENTO, PAIS, NOMBRE) VALUES ('026', '73', 'CO', 'ALVARADO');
INSERT INTO G_CIUDAD (CIUDAD, DEPARTAMENTO, PAIS, NOMBRE) VALUES ('030', '73', 'CO', 'AMBALEMA');
INSERT INTO G_CIUDAD (CIUDAD, DEPARTAMENTO, PAIS, NOMBRE) VALUES ('043', '73', 'CO', 'ANZOATEGUI');
INSERT INTO G_CIUDAD (CIUDAD, DEPARTAMENTO, PAIS, NOMBRE) VALUES ('055', '73', 'CO', 'ARMERO');
INSERT INTO G_CIUDAD (CIUDAD, DEPARTAMENTO, PAIS, NOMBRE) VALUES ('067', '73', 'CO', 'ATACO');
INSERT INTO G_CIUDAD (CIUDAD, DEPARTAMENTO, PAIS, NOMBRE) VALUES ('148', '73', 'CO', 'CARMEN DE APICALA');
INSERT INTO G_CIUDAD (CIUDAD, DEPARTAMENTO, PAIS, NOMBRE) VALUES ('152', '73', 'CO', 'CASABIANCA');
INSERT INTO G_CIUDAD (CIUDAD, DEPARTAMENTO, PAIS, NOMBRE) VALUES ('168', '73', 'CO', 'CHAPARRAL');
INSERT INTO G_CIUDAD (CIUDAD, DEPARTAMENTO, PAIS, NOMBRE) VALUES ('200', '73', 'CO', 'COELLO');
INSERT INTO G_CIUDAD (CIUDAD, DEPARTAMENTO, PAIS, NOMBRE) VALUES ('217', '73', 'CO', 'COYAIMA');
INSERT INTO G_CIUDAD (CIUDAD, DEPARTAMENTO, PAIS, NOMBRE) VALUES ('236', '73', 'CO', 'DOLORES');
INSERT INTO G_CIUDAD (CIUDAD, DEPARTAMENTO, PAIS, NOMBRE) VALUES ('268', '73', 'CO', 'ESPINAL');
INSERT INTO G_CIUDAD (CIUDAD, DEPARTAMENTO, PAIS, NOMBRE) VALUES ('270', '73', 'CO', 'FALAN');
INSERT INTO G_CIUDAD (CIUDAD, DEPARTAMENTO, PAIS, NOMBRE) VALUES ('275', '73', 'CO', 'FLANDES');
INSERT INTO G_CIUDAD (CIUDAD, DEPARTAMENTO, PAIS, NOMBRE) VALUES ('319', '73', 'CO', 'GUAMO');
INSERT INTO G_CIUDAD (CIUDAD, DEPARTAMENTO, PAIS, NOMBRE) VALUES ('347', '73', 'CO', 'HERVEO');
INSERT INTO G_CIUDAD (CIUDAD, DEPARTAMENTO, PAIS, NOMBRE) VALUES ('349', '73', 'CO', 'HONDA');
INSERT INTO G_CIUDAD (CIUDAD, DEPARTAMENTO, PAIS, NOMBRE) VALUES ('352', '73', 'CO', 'ICONONZO');
INSERT INTO G_CIUDAD (CIUDAD, DEPARTAMENTO, PAIS, NOMBRE) VALUES ('408', '73', 'CO', 'LERIDA');
INSERT INTO G_CIUDAD (CIUDAD, DEPARTAMENTO, PAIS, NOMBRE) VALUES ('443', '73', 'CO', 'MARIQUITA');
INSERT INTO G_CIUDAD (CIUDAD, DEPARTAMENTO, PAIS, NOMBRE) VALUES ('449', '73', 'CO', 'MELGAR');
INSERT INTO G_CIUDAD (CIUDAD, DEPARTAMENTO, PAIS, NOMBRE) VALUES ('461', '73', 'CO', 'MURILLO');
INSERT INTO G_CIUDAD (CIUDAD, DEPARTAMENTO, PAIS, NOMBRE) VALUES ('483', '73', 'CO', 'NATAGAIMA');
INSERT INTO G_CIUDAD (CIUDAD, DEPARTAMENTO, PAIS, NOMBRE) VALUES ('520', '73', 'CO', 'PALOCABILDO');
INSERT INTO G_CIUDAD (CIUDAD, DEPARTAMENTO, PAIS, NOMBRE) VALUES ('547', '73', 'CO', 'PIEDRAS');
INSERT INTO G_CIUDAD (CIUDAD, DEPARTAMENTO, PAIS, NOMBRE) VALUES ('555', '73', 'CO', 'PLANADAS');
INSERT INTO G_CIUDAD (CIUDAD, DEPARTAMENTO, PAIS, NOMBRE) VALUES ('563', '73', 'CO', 'PRADO');
INSERT INTO G_CIUDAD (CIUDAD, DEPARTAMENTO, PAIS, NOMBRE) VALUES ('616', '73', 'CO', 'RIOBLANCO');
INSERT INTO G_CIUDAD (CIUDAD, DEPARTAMENTO, PAIS, NOMBRE) VALUES ('622', '73', 'CO', 'RONCESVALLES');
INSERT INTO G_CIUDAD (CIUDAD, DEPARTAMENTO, PAIS, NOMBRE) VALUES ('624', '73', 'CO', 'ROVIRA');
INSERT INTO G_CIUDAD (CIUDAD, DEPARTAMENTO, PAIS, NOMBRE) VALUES ('671', '73', 'CO', 'SALDAÑA');
INSERT INTO G_CIUDAD (CIUDAD, DEPARTAMENTO, PAIS, NOMBRE) VALUES ('675', '73', 'CO', 'SAN ANTONIO');
INSERT INTO G_CIUDAD (CIUDAD, DEPARTAMENTO, PAIS, NOMBRE) VALUES ('678', '73', 'CO', 'SAN LUIS');
INSERT INTO G_CIUDAD (CIUDAD, DEPARTAMENTO, PAIS, NOMBRE) VALUES ('770', '73', 'CO', 'SUAREZ');
INSERT INTO G_CIUDAD (CIUDAD, DEPARTAMENTO, PAIS, NOMBRE) VALUES ('854', '73', 'CO', 'VALLE DE SAN JUAN');
INSERT INTO G_CIUDAD (CIUDAD, DEPARTAMENTO, PAIS, NOMBRE) VALUES ('861', '73', 'CO', 'VENADILLO');
INSERT INTO G_CIUDAD (CIUDAD, DEPARTAMENTO, PAIS, NOMBRE) VALUES ('870', '73', 'CO', 'VILLAHERMOSA');
INSERT INTO G_CIUDAD (CIUDAD, DEPARTAMENTO, PAIS, NOMBRE) VALUES ('873', '73', 'CO', 'VILLARRICA');
INSERT INTO G_CIUDAD (CIUDAD, DEPARTAMENTO, PAIS, NOMBRE) VALUES ('001', '76', 'CO', 'CALI');
INSERT INTO G_CIUDAD (CIUDAD, DEPARTAMENTO, PAIS, NOMBRE) VALUES ('036', '76', 'CO', 'ANDALUCIA');
INSERT INTO G_CIUDAD (CIUDAD, DEPARTAMENTO, PAIS, NOMBRE) VALUES ('041', '76', 'CO', 'ANSERMANUEVO');
INSERT INTO G_CIUDAD (CIUDAD, DEPARTAMENTO, PAIS, NOMBRE) VALUES ('054', '76', 'CO', 'ARGELIA');
INSERT INTO G_CIUDAD (CIUDAD, DEPARTAMENTO, PAIS, NOMBRE) VALUES ('100', '76', 'CO', 'BOLIVAR');
INSERT INTO G_CIUDAD (CIUDAD, DEPARTAMENTO, PAIS, NOMBRE) VALUES ('111', '76', 'CO', 'GUADALAJARA DE BUGA');
INSERT INTO G_CIUDAD (CIUDAD, DEPARTAMENTO, PAIS, NOMBRE) VALUES ('113', '76', 'CO', 'BUGALAGRANDE');
INSERT INTO G_CIUDAD (CIUDAD, DEPARTAMENTO, PAIS, NOMBRE) VALUES ('122', '76', 'CO', 'CAICEDONIA');
INSERT INTO G_CIUDAD (CIUDAD, DEPARTAMENTO, PAIS, NOMBRE) VALUES ('126', '76', 'CO', 'CALIMA');
INSERT INTO G_CIUDAD (CIUDAD, DEPARTAMENTO, PAIS, NOMBRE) VALUES ('130', '76', 'CO', 'CANDELARIA');
INSERT INTO G_CIUDAD (CIUDAD, DEPARTAMENTO, PAIS, NOMBRE) VALUES ('147', '76', 'CO', 'CARTAGO');
INSERT INTO G_CIUDAD (CIUDAD, DEPARTAMENTO, PAIS, NOMBRE) VALUES ('243', '76', 'CO', 'EL AGUILA');
INSERT INTO G_CIUDAD (CIUDAD, DEPARTAMENTO, PAIS, NOMBRE) VALUES ('246', '76', 'CO', 'EL CAIRO');
INSERT INTO G_CIUDAD (CIUDAD, DEPARTAMENTO, PAIS, NOMBRE) VALUES ('248', '76', 'CO', 'EL CERRITO');
INSERT INTO G_CIUDAD (CIUDAD, DEPARTAMENTO, PAIS, NOMBRE) VALUES ('250', '76', 'CO', 'EL DOVIO');
INSERT INTO G_CIUDAD (CIUDAD, DEPARTAMENTO, PAIS, NOMBRE) VALUES ('306', '76', 'CO', 'GINEBRA');
INSERT INTO G_CIUDAD (CIUDAD, DEPARTAMENTO, PAIS, NOMBRE) VALUES ('318', '76', 'CO', 'GUACARI');
INSERT INTO G_CIUDAD (CIUDAD, DEPARTAMENTO, PAIS, NOMBRE) VALUES ('364', '76', 'CO', 'JAMUNDI');
INSERT INTO G_CIUDAD (CIUDAD, DEPARTAMENTO, PAIS, NOMBRE) VALUES ('377', '76', 'CO', 'LA CUMBRE');
INSERT INTO G_CIUDAD (CIUDAD, DEPARTAMENTO, PAIS, NOMBRE) VALUES ('403', '76', 'CO', 'LA VICTORIA');
INSERT INTO G_CIUDAD (CIUDAD, DEPARTAMENTO, PAIS, NOMBRE) VALUES ('497', '76', 'CO', 'OBANDO');
INSERT INTO G_CIUDAD (CIUDAD, DEPARTAMENTO, PAIS, NOMBRE) VALUES ('520', '76', 'CO', 'PALMIRA');
INSERT INTO G_CIUDAD (CIUDAD, DEPARTAMENTO, PAIS, NOMBRE) VALUES ('563', '76', 'CO', 'PRADERA');
INSERT INTO G_CIUDAD (CIUDAD, DEPARTAMENTO, PAIS, NOMBRE) VALUES ('606', '76', 'CO', 'RESTREPO');
INSERT INTO G_CIUDAD (CIUDAD, DEPARTAMENTO, PAIS, NOMBRE) VALUES ('622', '76', 'CO', 'ROLDANILLO');
INSERT INTO G_CIUDAD (CIUDAD, DEPARTAMENTO, PAIS, NOMBRE) VALUES ('670', '76', 'CO', 'SAN PEDRO');
INSERT INTO G_CIUDAD (CIUDAD, DEPARTAMENTO, PAIS, NOMBRE) VALUES ('736', '76', 'CO', 'SEVILLA');
INSERT INTO G_CIUDAD (CIUDAD, DEPARTAMENTO, PAIS, NOMBRE) VALUES ('823', '76', 'CO', 'TORO');
INSERT INTO G_CIUDAD (CIUDAD, DEPARTAMENTO, PAIS, NOMBRE) VALUES ('834', '76', 'CO', 'TULUA');
INSERT INTO G_CIUDAD (CIUDAD, DEPARTAMENTO, PAIS, NOMBRE) VALUES ('845', '76', 'CO', 'ULLOA');
INSERT INTO G_CIUDAD (CIUDAD, DEPARTAMENTO, PAIS, NOMBRE) VALUES ('863', '76', 'CO', 'VERSALLES');
INSERT INTO G_CIUDAD (CIUDAD, DEPARTAMENTO, PAIS, NOMBRE) VALUES ('869', '76', 'CO', 'VIJES');
INSERT INTO G_CIUDAD (CIUDAD, DEPARTAMENTO, PAIS, NOMBRE) VALUES ('890', '76', 'CO', 'YOTOCO');
INSERT INTO G_CIUDAD (CIUDAD, DEPARTAMENTO, PAIS, NOMBRE) VALUES ('895', '76', 'CO', 'ZARZAL');
INSERT INTO G_CIUDAD (CIUDAD, DEPARTAMENTO, PAIS, NOMBRE) VALUES ('001', '81', 'CO', 'ARAUCA');
INSERT INTO G_CIUDAD (CIUDAD, DEPARTAMENTO, PAIS, NOMBRE) VALUES ('065', '81', 'CO', 'ARAUQUITA');
INSERT INTO G_CIUDAD (CIUDAD, DEPARTAMENTO, PAIS, NOMBRE) VALUES ('220', '81', 'CO', 'CRAVO NORTE');
INSERT INTO G_CIUDAD (CIUDAD, DEPARTAMENTO, PAIS, NOMBRE) VALUES ('591', '81', 'CO', 'PUERTO RONDON');
INSERT INTO G_CIUDAD (CIUDAD, DEPARTAMENTO, PAIS, NOMBRE) VALUES ('736', '81', 'CO', 'SARAVENA');
INSERT INTO G_CIUDAD (CIUDAD, DEPARTAMENTO, PAIS, NOMBRE) VALUES ('794', '81', 'CO', 'TAME');
INSERT INTO G_CIUDAD (CIUDAD, DEPARTAMENTO, PAIS, NOMBRE) VALUES ('001', '85', 'CO', 'YOPAL');
INSERT INTO G_CIUDAD (CIUDAD, DEPARTAMENTO, PAIS, NOMBRE) VALUES ('015', '85', 'CO', 'CHAMEZA');
INSERT INTO G_CIUDAD (CIUDAD, DEPARTAMENTO, PAIS, NOMBRE) VALUES ('125', '85', 'CO', 'HATO COROZAL');
INSERT INTO G_CIUDAD (CIUDAD, DEPARTAMENTO, PAIS, NOMBRE) VALUES ('136', '85', 'CO', 'LA SALINA');
INSERT INTO G_CIUDAD (CIUDAD, DEPARTAMENTO, PAIS, NOMBRE) VALUES ('139', '85', 'CO', 'MANI');
INSERT INTO G_CIUDAD (CIUDAD, DEPARTAMENTO, PAIS, NOMBRE) VALUES ('162', '85', 'CO', 'MONTERREY');
INSERT INTO G_CIUDAD (CIUDAD, DEPARTAMENTO, PAIS, NOMBRE) VALUES ('230', '85', 'CO', 'OROCUE');
INSERT INTO G_CIUDAD (CIUDAD, DEPARTAMENTO, PAIS, NOMBRE) VALUES ('250', '85', 'CO', 'PAZ DE ARIPORO');
INSERT INTO G_CIUDAD (CIUDAD, DEPARTAMENTO, PAIS, NOMBRE) VALUES ('263', '85', 'CO', 'PORE');
INSERT INTO G_CIUDAD (CIUDAD, DEPARTAMENTO, PAIS, NOMBRE) VALUES ('279', '85', 'CO', 'RECETOR');
INSERT INTO G_CIUDAD (CIUDAD, DEPARTAMENTO, PAIS, NOMBRE) VALUES ('315', '85', 'CO', 'SACAMA');
INSERT INTO G_CIUDAD (CIUDAD, DEPARTAMENTO, PAIS, NOMBRE) VALUES ('325', '85', 'CO', 'SAN LUIS DE PALENQUE');
INSERT INTO G_CIUDAD (CIUDAD, DEPARTAMENTO, PAIS, NOMBRE) VALUES ('400', '85', 'CO', 'TAMARA');
INSERT INTO G_CIUDAD (CIUDAD, DEPARTAMENTO, PAIS, NOMBRE) VALUES ('410', '85', 'CO', 'TAURAMENA');
INSERT INTO G_CIUDAD (CIUDAD, DEPARTAMENTO, PAIS, NOMBRE) VALUES ('430', '85', 'CO', 'TRINIDAD');
INSERT INTO G_CIUDAD (CIUDAD, DEPARTAMENTO, PAIS, NOMBRE) VALUES ('440', '85', 'CO', 'VILLANUEVA');
INSERT INTO G_CIUDAD (CIUDAD, DEPARTAMENTO, PAIS, NOMBRE) VALUES ('219', '86', 'CO', 'COLON');
INSERT INTO G_CIUDAD (CIUDAD, DEPARTAMENTO, PAIS, NOMBRE) VALUES ('320', '86', 'CO', 'ORITO');
INSERT INTO G_CIUDAD (CIUDAD, DEPARTAMENTO, PAIS, NOMBRE) VALUES ('568', '86', 'CO', 'PUERTO ASIS');
INSERT INTO G_CIUDAD (CIUDAD, DEPARTAMENTO, PAIS, NOMBRE) VALUES ('569', '86', 'CO', 'PUERTO CAICEDO');
INSERT INTO G_CIUDAD (CIUDAD, DEPARTAMENTO, PAIS, NOMBRE) VALUES ('573', '86', 'CO', 'LEGUIZAMO');
INSERT INTO G_CIUDAD (CIUDAD, DEPARTAMENTO, PAIS, NOMBRE) VALUES ('749', '86', 'CO', 'SIBUNDOY');
INSERT INTO G_CIUDAD (CIUDAD, DEPARTAMENTO, PAIS, NOMBRE) VALUES ('755', '86', 'CO', 'SAN FRANCISCO');
INSERT INTO G_CIUDAD (CIUDAD, DEPARTAMENTO, PAIS, NOMBRE) VALUES ('757', '86', 'CO', 'SAN MIGUEL');
INSERT INTO G_CIUDAD (CIUDAD, DEPARTAMENTO, PAIS, NOMBRE) VALUES ('760', '86', 'CO', 'SANTIAGO');
INSERT INTO G_CIUDAD (CIUDAD, DEPARTAMENTO, PAIS, NOMBRE) VALUES ('865', '86', 'CO', 'VALLE DEL GUAMUEZ');
INSERT INTO G_CIUDAD (CIUDAD, DEPARTAMENTO, PAIS, NOMBRE) VALUES ('001', '88', 'CO', 'SAN ANDRES');
INSERT INTO G_CIUDAD (CIUDAD, DEPARTAMENTO, PAIS, NOMBRE) VALUES ('564', '88', 'CO', 'PROVIDENCIA');
INSERT INTO G_CIUDAD (CIUDAD, DEPARTAMENTO, PAIS, NOMBRE) VALUES ('001', '91', 'CO', 'LETICIA');
INSERT INTO G_CIUDAD (CIUDAD, DEPARTAMENTO, PAIS, NOMBRE) VALUES ('263', '91', 'CO', 'EL ENCANTO');
INSERT INTO G_CIUDAD (CIUDAD, DEPARTAMENTO, PAIS, NOMBRE) VALUES ('405', '91', 'CO', 'LA CHORRERA');
INSERT INTO G_CIUDAD (CIUDAD, DEPARTAMENTO, PAIS, NOMBRE) VALUES ('430', '91', 'CO', 'LA VICTORIA');
INSERT INTO G_CIUDAD (CIUDAD, DEPARTAMENTO, PAIS, NOMBRE) VALUES ('460', '91', 'CO', 'MIRITI - PARANA');
INSERT INTO G_CIUDAD (CIUDAD, DEPARTAMENTO, PAIS, NOMBRE) VALUES ('530', '91', 'CO', 'PUERTO ALEGRIA');
INSERT INTO G_CIUDAD (CIUDAD, DEPARTAMENTO, PAIS, NOMBRE) VALUES ('536', '91', 'CO', 'PUERTO ARICA');
INSERT INTO G_CIUDAD (CIUDAD, DEPARTAMENTO, PAIS, NOMBRE) VALUES ('540', '91', 'CO', 'PUERTO NARIÑO');
INSERT INTO G_CIUDAD (CIUDAD, DEPARTAMENTO, PAIS, NOMBRE) VALUES ('669', '91', 'CO', 'PUERTO SANTANDER');
INSERT INTO G_CIUDAD (CIUDAD, DEPARTAMENTO, PAIS, NOMBRE) VALUES ('001', '94', 'CO', 'INIRIDA');
INSERT INTO G_CIUDAD (CIUDAD, DEPARTAMENTO, PAIS, NOMBRE) VALUES ('343', '94', 'CO', 'BARRANCO MINAS');
INSERT INTO G_CIUDAD (CIUDAD, DEPARTAMENTO, PAIS, NOMBRE) VALUES ('663', '94', 'CO', 'MAPIRIPANA');
INSERT INTO G_CIUDAD (CIUDAD, DEPARTAMENTO, PAIS, NOMBRE) VALUES ('883', '94', 'CO', 'SAN FELIPE');
INSERT INTO G_CIUDAD (CIUDAD, DEPARTAMENTO, PAIS, NOMBRE) VALUES ('885', '94', 'CO', 'LA GUADALUPE');
INSERT INTO G_CIUDAD (CIUDAD, DEPARTAMENTO, PAIS, NOMBRE) VALUES ('886', '94', 'CO', 'CACAHUAL');
INSERT INTO G_CIUDAD (CIUDAD, DEPARTAMENTO, PAIS, NOMBRE) VALUES ('887', '94', 'CO', 'PANA PANA');
INSERT INTO G_CIUDAD (CIUDAD, DEPARTAMENTO, PAIS, NOMBRE) VALUES ('888', '94', 'CO', 'MORICHAL');
INSERT INTO G_CIUDAD (CIUDAD, DEPARTAMENTO, PAIS, NOMBRE) VALUES ('001', '95', 'CO', 'SAN JOSE DEL GUAVIARE');
INSERT INTO G_CIUDAD (CIUDAD, DEPARTAMENTO, PAIS, NOMBRE) VALUES ('015', '95', 'CO', 'CALAMAR');
INSERT INTO G_CIUDAD (CIUDAD, DEPARTAMENTO, PAIS, NOMBRE) VALUES ('025', '95', 'CO', 'EL RETORNO');
INSERT INTO G_CIUDAD (CIUDAD, DEPARTAMENTO, PAIS, NOMBRE) VALUES ('001', '97', 'CO', 'MITU');
INSERT INTO G_CIUDAD (CIUDAD, DEPARTAMENTO, PAIS, NOMBRE) VALUES ('161', '97', 'CO', 'CARURU');
INSERT INTO G_CIUDAD (CIUDAD, DEPARTAMENTO, PAIS, NOMBRE) VALUES ('511', '97', 'CO', 'PACOA');
INSERT INTO G_CIUDAD (CIUDAD, DEPARTAMENTO, PAIS, NOMBRE) VALUES ('666', '97', 'CO', 'TARAIRA');
INSERT INTO G_CIUDAD (CIUDAD, DEPARTAMENTO, PAIS, NOMBRE) VALUES ('777', '97', 'CO', 'PAPUNAUA');
INSERT INTO G_CIUDAD (CIUDAD, DEPARTAMENTO, PAIS, NOMBRE) VALUES ('001', '99', 'CO', 'PUERTO CARREÑO');
INSERT INTO G_CIUDAD (CIUDAD, DEPARTAMENTO, PAIS, NOMBRE) VALUES ('524', '99', 'CO', 'LA PRIMAVERA');
INSERT INTO G_CIUDAD (CIUDAD, DEPARTAMENTO, PAIS, NOMBRE) VALUES ('624', '99', 'CO', 'SANTA ROSALIA');
INSERT INTO G_CIUDAD (CIUDAD, DEPARTAMENTO, PAIS, NOMBRE) VALUES ('773', '99', 'CO', 'CUMARIBO');
INSERT INTO G_CIUDAD (CIUDAD, DEPARTAMENTO, PAIS, NOMBRE) VALUES ('759', '15', 'CO', 'SOGAMOSO');
INSERT INTO G_CIUDAD (CIUDAD, DEPARTAMENTO, PAIS, NOMBRE) VALUES ('425', '27', 'CO', 'MEDIO ATRATO');
INSERT INTO G_CIUDAD (CIUDAD, DEPARTAMENTO, PAIS, NOMBRE) VALUES ('875', '25', 'CO', 'VILLETA');
INSERT INTO G_CIUDAD (CIUDAD, DEPARTAMENTO, PAIS, NOMBRE) VALUES ('001', '27', 'CO', 'QUIBDO');
INSERT INTO G_CIUDAD (CIUDAD, DEPARTAMENTO, PAIS, NOMBRE) VALUES ('075', '27', 'CO', 'BAHIA SOLANO');
INSERT INTO G_CIUDAD (CIUDAD, DEPARTAMENTO, PAIS, NOMBRE) VALUES ('160', '27', 'CO', 'CERTEGUI');
INSERT INTO G_CIUDAD (CIUDAD, DEPARTAMENTO, PAIS, NOMBRE) VALUES ('413', '27', 'CO', 'LLORO');
INSERT INTO G_CIUDAD (CIUDAD, DEPARTAMENTO, PAIS, NOMBRE) VALUES ('632', '15', 'CO', 'SABOYA');
INSERT INTO G_CIUDAD (CIUDAD, DEPARTAMENTO, PAIS, NOMBRE) VALUES ('664', '15', 'CO', 'SAN JOSE DE PARE');
INSERT INTO G_CIUDAD (CIUDAD, DEPARTAMENTO, PAIS, NOMBRE) VALUES ('696', '15', 'CO', 'SANTA SOFIA');
INSERT INTO G_CIUDAD (CIUDAD, DEPARTAMENTO, PAIS, NOMBRE) VALUES ('211', '68', 'CO', 'CONTRATACION');
INSERT INTO G_CIUDAD (CIUDAD, DEPARTAMENTO, PAIS, NOMBRE) VALUES ('264', '68', 'CO', 'ENCINO');
INSERT INTO G_CIUDAD (CIUDAD, DEPARTAMENTO, PAIS, NOMBRE) VALUES ('298', '68', 'CO', 'GAMBITA');
INSERT INTO G_CIUDAD (CIUDAD, DEPARTAMENTO, PAIS, NOMBRE) VALUES ('002', '05', 'CO', 'ABEJORRAL');
INSERT INTO G_CIUDAD (CIUDAD, DEPARTAMENTO, PAIS, NOMBRE) VALUES ('004', '05', 'CO', 'ABRIAQUI');
INSERT INTO G_CIUDAD (CIUDAD, DEPARTAMENTO, PAIS, NOMBRE) VALUES ('021', '05', 'CO', 'ALEJANDRIA');
INSERT INTO G_CIUDAD (CIUDAD, DEPARTAMENTO, PAIS, NOMBRE) VALUES ('031', '05', 'CO', 'AMALFI');
INSERT INTO G_CIUDAD (CIUDAD, DEPARTAMENTO, PAIS, NOMBRE) VALUES ('036', '05', 'CO', 'ANGELOPOLIS');
INSERT INTO G_CIUDAD (CIUDAD, DEPARTAMENTO, PAIS, NOMBRE) VALUES ('038', '05', 'CO', 'ANGOSTURA');
INSERT INTO G_CIUDAD (CIUDAD, DEPARTAMENTO, PAIS, NOMBRE) VALUES ('040', '05', 'CO', 'ANORI');
INSERT INTO G_CIUDAD (CIUDAD, DEPARTAMENTO, PAIS, NOMBRE) VALUES ('045', '05', 'CO', 'APARTADO');
INSERT INTO G_CIUDAD (CIUDAD, DEPARTAMENTO, PAIS, NOMBRE) VALUES ('051', '05', 'CO', 'ARBOLETES');
INSERT INTO G_CIUDAD (CIUDAD, DEPARTAMENTO, PAIS, NOMBRE) VALUES ('055', '05', 'CO', 'ARGELIA');
INSERT INTO G_CIUDAD (CIUDAD, DEPARTAMENTO, PAIS, NOMBRE) VALUES ('059', '05', 'CO', 'ARMENIA');
INSERT INTO G_CIUDAD (CIUDAD, DEPARTAMENTO, PAIS, NOMBRE) VALUES ('086', '05', 'CO', 'BELMIRA');
INSERT INTO G_CIUDAD (CIUDAD, DEPARTAMENTO, PAIS, NOMBRE) VALUES ('088', '05', 'CO', 'BELLO');
INSERT INTO G_CIUDAD (CIUDAD, DEPARTAMENTO, PAIS, NOMBRE) VALUES ('091', '05', 'CO', 'BETANIA');
INSERT INTO G_CIUDAD (CIUDAD, DEPARTAMENTO, PAIS, NOMBRE) VALUES ('093', '05', 'CO', 'BETULIA');
INSERT INTO G_CIUDAD (CIUDAD, DEPARTAMENTO, PAIS, NOMBRE) VALUES ('113', '05', 'CO', 'BURITICA');
INSERT INTO G_CIUDAD (CIUDAD, DEPARTAMENTO, PAIS, NOMBRE) VALUES ('120', '05', 'CO', 'CACERES');
INSERT INTO G_CIUDAD (CIUDAD, DEPARTAMENTO, PAIS, NOMBRE) VALUES ('125', '05', 'CO', 'CAICEDO');
INSERT INTO G_CIUDAD (CIUDAD, DEPARTAMENTO, PAIS, NOMBRE) VALUES ('129', '05', 'CO', 'CALDAS');
INSERT INTO G_CIUDAD (CIUDAD, DEPARTAMENTO, PAIS, NOMBRE) VALUES ('134', '05', 'CO', 'CAMPAMENTO');
INSERT INTO G_CIUDAD (CIUDAD, DEPARTAMENTO, PAIS, NOMBRE) VALUES ('142', '05', 'CO', 'CARACOLI');
INSERT INTO G_CIUDAD (CIUDAD, DEPARTAMENTO, PAIS, NOMBRE) VALUES ('147', '05', 'CO', 'CAREPA');
INSERT INTO G_CIUDAD (CIUDAD, DEPARTAMENTO, PAIS, NOMBRE) VALUES ('148', '05', 'CO', 'EL CARMEN DE VIBORAL');
INSERT INTO G_CIUDAD (CIUDAD, DEPARTAMENTO, PAIS, NOMBRE) VALUES ('150', '05', 'CO', 'CAROLINA');
INSERT INTO G_CIUDAD (CIUDAD, DEPARTAMENTO, PAIS, NOMBRE) VALUES ('154', '05', 'CO', 'CAUCASIA');
INSERT INTO G_CIUDAD (CIUDAD, DEPARTAMENTO, PAIS, NOMBRE) VALUES ('172', '05', 'CO', 'CHIGORODO');
INSERT INTO G_CIUDAD (CIUDAD, DEPARTAMENTO, PAIS, NOMBRE) VALUES ('206', '05', 'CO', 'CONCEPCION');
INSERT INTO G_CIUDAD (CIUDAD, DEPARTAMENTO, PAIS, NOMBRE) VALUES ('209', '05', 'CO', 'CONCORDIA');
INSERT INTO G_CIUDAD (CIUDAD, DEPARTAMENTO, PAIS, NOMBRE) VALUES ('212', '05', 'CO', 'COPACABANA');
INSERT INTO G_CIUDAD (CIUDAD, DEPARTAMENTO, PAIS, NOMBRE) VALUES ('234', '05', 'CO', 'DABEIBA');
INSERT INTO G_CIUDAD (CIUDAD, DEPARTAMENTO, PAIS, NOMBRE) VALUES ('250', '05', 'CO', 'EL BAGRE');
INSERT INTO G_CIUDAD (CIUDAD, DEPARTAMENTO, PAIS, NOMBRE) VALUES ('264', '05', 'CO', 'ENTRERRIOS');
INSERT INTO G_CIUDAD (CIUDAD, DEPARTAMENTO, PAIS, NOMBRE) VALUES ('266', '05', 'CO', 'ENVIGADO');
INSERT INTO G_CIUDAD (CIUDAD, DEPARTAMENTO, PAIS, NOMBRE) VALUES ('282', '05', 'CO', 'FREDONIA');
INSERT INTO G_CIUDAD (CIUDAD, DEPARTAMENTO, PAIS, NOMBRE) VALUES ('284', '05', 'CO', 'FRONTINO');
INSERT INTO G_CIUDAD (CIUDAD, DEPARTAMENTO, PAIS, NOMBRE) VALUES ('310', '05', 'CO', 'GOMEZ PLATA');
INSERT INTO G_CIUDAD (CIUDAD, DEPARTAMENTO, PAIS, NOMBRE) VALUES ('313', '05', 'CO', 'GRANADA');
INSERT INTO G_CIUDAD (CIUDAD, DEPARTAMENTO, PAIS, NOMBRE) VALUES ('315', '05', 'CO', 'GUADALUPE');
INSERT INTO G_CIUDAD (CIUDAD, DEPARTAMENTO, PAIS, NOMBRE) VALUES ('318', '05', 'CO', 'GUARNE');
INSERT INTO G_CIUDAD (CIUDAD, DEPARTAMENTO, PAIS, NOMBRE) VALUES ('347', '05', 'CO', 'HELICONIA');
INSERT INTO G_CIUDAD (CIUDAD, DEPARTAMENTO, PAIS, NOMBRE) VALUES ('360', '05', 'CO', 'ITAGÜI');
INSERT INTO G_CIUDAD (CIUDAD, DEPARTAMENTO, PAIS, NOMBRE) VALUES ('361', '05', 'CO', 'ITUANGO');
INSERT INTO G_CIUDAD (CIUDAD, DEPARTAMENTO, PAIS, NOMBRE) VALUES ('364', '05', 'CO', 'JARDIN');
INSERT INTO G_CIUDAD (CIUDAD, DEPARTAMENTO, PAIS, NOMBRE) VALUES ('376', '05', 'CO', 'LA CEJA');
INSERT INTO G_CIUDAD (CIUDAD, DEPARTAMENTO, PAIS, NOMBRE) VALUES ('380', '05', 'CO', 'LA ESTRELLA');
INSERT INTO G_CIUDAD (CIUDAD, DEPARTAMENTO, PAIS, NOMBRE) VALUES ('400', '05', 'CO', 'LA UNION');
INSERT INTO G_CIUDAD (CIUDAD, DEPARTAMENTO, PAIS, NOMBRE) VALUES ('411', '05', 'CO', 'LIBORINA');
INSERT INTO G_CIUDAD (CIUDAD, DEPARTAMENTO, PAIS, NOMBRE) VALUES ('440', '05', 'CO', 'MARINILLA');
INSERT INTO G_CIUDAD (CIUDAD, DEPARTAMENTO, PAIS, NOMBRE) VALUES ('467', '05', 'CO', 'MONTEBELLO');
INSERT INTO G_CIUDAD (CIUDAD, DEPARTAMENTO, PAIS, NOMBRE) VALUES ('475', '05', 'CO', 'MURINDO');
INSERT INTO G_CIUDAD (CIUDAD, DEPARTAMENTO, PAIS, NOMBRE) VALUES ('490', '05', 'CO', 'NECOCLI');
INSERT INTO G_CIUDAD (CIUDAD, DEPARTAMENTO, PAIS, NOMBRE) VALUES ('495', '05', 'CO', 'NECHI');
INSERT INTO G_CIUDAD (CIUDAD, DEPARTAMENTO, PAIS, NOMBRE) VALUES ('501', '05', 'CO', 'OLAYA');
INSERT INTO G_CIUDAD (CIUDAD, DEPARTAMENTO, PAIS, NOMBRE) VALUES ('541', '05', 'CO', 'PEÑOL');
INSERT INTO G_CIUDAD (CIUDAD, DEPARTAMENTO, PAIS, NOMBRE) VALUES ('579', '05', 'CO', 'PUERTO BERRIO');
INSERT INTO G_CIUDAD (CIUDAD, DEPARTAMENTO, PAIS, NOMBRE) VALUES ('585', '05', 'CO', 'PUERTO NARE');
INSERT INTO G_CIUDAD (CIUDAD, DEPARTAMENTO, PAIS, NOMBRE) VALUES ('591', '05', 'CO', 'PUERTO TRIUNFO');
INSERT INTO G_CIUDAD (CIUDAD, DEPARTAMENTO, PAIS, NOMBRE) VALUES ('604', '05', 'CO', 'REMEDIOS');
INSERT INTO G_CIUDAD (CIUDAD, DEPARTAMENTO, PAIS, NOMBRE) VALUES ('615', '05', 'CO', 'RIONEGRO');
INSERT INTO G_CIUDAD (CIUDAD, DEPARTAMENTO, PAIS, NOMBRE) VALUES ('631', '05', 'CO', 'SABANETA');
INSERT INTO G_CIUDAD (CIUDAD, DEPARTAMENTO, PAIS, NOMBRE) VALUES ('642', '05', 'CO', 'SALGAR');
INSERT INTO G_CIUDAD (CIUDAD, DEPARTAMENTO, PAIS, NOMBRE) VALUES ('647', '05', 'CO', 'SAN ANDRES');
INSERT INTO G_CIUDAD (CIUDAD, DEPARTAMENTO, PAIS, NOMBRE) VALUES ('652', '05', 'CO', 'SAN FRANCISCO');
INSERT INTO G_CIUDAD (CIUDAD, DEPARTAMENTO, PAIS, NOMBRE) VALUES ('656', '05', 'CO', 'SAN JERONIMO');
INSERT INTO G_CIUDAD (CIUDAD, DEPARTAMENTO, PAIS, NOMBRE) VALUES ('659', '05', 'CO', 'SAN JUAN DE URABA');
INSERT INTO G_CIUDAD (CIUDAD, DEPARTAMENTO, PAIS, NOMBRE) VALUES ('660', '05', 'CO', 'SAN LUIS');
INSERT INTO G_CIUDAD (CIUDAD, DEPARTAMENTO, PAIS, NOMBRE) VALUES ('664', '05', 'CO', 'SAN PEDRO');
INSERT INTO G_CIUDAD (CIUDAD, DEPARTAMENTO, PAIS, NOMBRE) VALUES ('665', '05', 'CO', 'SAN PEDRO DE URABA');
INSERT INTO G_CIUDAD (CIUDAD, DEPARTAMENTO, PAIS, NOMBRE) VALUES ('670', '05', 'CO', 'SAN ROQUE');
INSERT INTO G_CIUDAD (CIUDAD, DEPARTAMENTO, PAIS, NOMBRE) VALUES ('674', '05', 'CO', 'SAN VICENTE');
INSERT INTO G_CIUDAD (CIUDAD, DEPARTAMENTO, PAIS, NOMBRE) VALUES ('679', '05', 'CO', 'SANTA BARBARA');
INSERT INTO G_CIUDAD (CIUDAD, DEPARTAMENTO, PAIS, NOMBRE) VALUES ('686', '05', 'CO', 'SANTA ROSA DE OSOS');
INSERT INTO G_CIUDAD (CIUDAD, DEPARTAMENTO, PAIS, NOMBRE) VALUES ('690', '05', 'CO', 'SANTO DOMINGO');
INSERT INTO G_CIUDAD (CIUDAD, DEPARTAMENTO, PAIS, NOMBRE) VALUES ('756', '05', 'CO', 'SONSON');
INSERT INTO G_CIUDAD (CIUDAD, DEPARTAMENTO, PAIS, NOMBRE) VALUES ('761', '05', 'CO', 'SOPETRAN');
INSERT INTO G_CIUDAD (CIUDAD, DEPARTAMENTO, PAIS, NOMBRE) VALUES ('789', '05', 'CO', 'TAMESIS');
INSERT INTO G_CIUDAD (CIUDAD, DEPARTAMENTO, PAIS, NOMBRE) VALUES ('790', '05', 'CO', 'TARAZA');
INSERT INTO G_CIUDAD (CIUDAD, DEPARTAMENTO, PAIS, NOMBRE) VALUES ('809', '05', 'CO', 'TITIRIBI');
INSERT INTO G_CIUDAD (CIUDAD, DEPARTAMENTO, PAIS, NOMBRE) VALUES ('837', '05', 'CO', 'TURBO');
INSERT INTO G_CIUDAD (CIUDAD, DEPARTAMENTO, PAIS, NOMBRE) VALUES ('842', '05', 'CO', 'URAMITA');
INSERT INTO G_CIUDAD (CIUDAD, DEPARTAMENTO, PAIS, NOMBRE) VALUES ('847', '05', 'CO', 'URRAO');
INSERT INTO G_CIUDAD (CIUDAD, DEPARTAMENTO, PAIS, NOMBRE) VALUES ('856', '05', 'CO', 'VALPARAISO');
INSERT INTO G_CIUDAD (CIUDAD, DEPARTAMENTO, PAIS, NOMBRE) VALUES ('861', '05', 'CO', 'VENECIA');
INSERT INTO G_CIUDAD (CIUDAD, DEPARTAMENTO, PAIS, NOMBRE) VALUES ('873', '05', 'CO', 'VIGIA DEL FUERTE');
INSERT INTO G_CIUDAD (CIUDAD, DEPARTAMENTO, PAIS, NOMBRE) VALUES ('885', '05', 'CO', 'YALI');
INSERT INTO G_CIUDAD (CIUDAD, DEPARTAMENTO, PAIS, NOMBRE) VALUES ('887', '05', 'CO', 'YARUMAL');
INSERT INTO G_CIUDAD (CIUDAD, DEPARTAMENTO, PAIS, NOMBRE) VALUES ('895', '05', 'CO', 'ZARAGOZA');
INSERT INTO G_CIUDAD (CIUDAD, DEPARTAMENTO, PAIS, NOMBRE) VALUES ('001', '08', 'CO', 'BARRANQUILLA');
INSERT INTO G_CIUDAD (CIUDAD, DEPARTAMENTO, PAIS, NOMBRE) VALUES ('078', '08', 'CO', 'BARANOA');
INSERT INTO G_CIUDAD (CIUDAD, DEPARTAMENTO, PAIS, NOMBRE) VALUES ('137', '08', 'CO', 'CAMPO DE LA CRUZ');
INSERT INTO G_CIUDAD (CIUDAD, DEPARTAMENTO, PAIS, NOMBRE) VALUES ('296', '08', 'CO', 'GALAPA');
INSERT INTO G_CIUDAD (CIUDAD, DEPARTAMENTO, PAIS, NOMBRE) VALUES ('421', '08', 'CO', 'LURUACO');
INSERT INTO G_CIUDAD (CIUDAD, DEPARTAMENTO, PAIS, NOMBRE) VALUES ('433', '08', 'CO', 'MALAMBO');
INSERT INTO G_CIUDAD (CIUDAD, DEPARTAMENTO, PAIS, NOMBRE) VALUES ('436', '08', 'CO', 'MANATI');
INSERT INTO G_CIUDAD (CIUDAD, DEPARTAMENTO, PAIS, NOMBRE) VALUES ('520', '08', 'CO', 'PALMAR DE VARELA');
INSERT INTO G_CIUDAD (CIUDAD, DEPARTAMENTO, PAIS, NOMBRE) VALUES ('558', '08', 'CO', 'POLONUEVO');
INSERT INTO G_CIUDAD (CIUDAD, DEPARTAMENTO, PAIS, NOMBRE) VALUES ('560', '08', 'CO', 'PONEDERA');
INSERT INTO G_CIUDAD (CIUDAD, DEPARTAMENTO, PAIS, NOMBRE) VALUES ('606', '08', 'CO', 'REPELON');
INSERT INTO G_CIUDAD (CIUDAD, DEPARTAMENTO, PAIS, NOMBRE) VALUES ('638', '08', 'CO', 'SABANALARGA');
INSERT INTO G_CIUDAD (CIUDAD, DEPARTAMENTO, PAIS, NOMBRE) VALUES ('675', '08', 'CO', 'SANTA LUCIA');
INSERT INTO G_CIUDAD (CIUDAD, DEPARTAMENTO, PAIS, NOMBRE) VALUES ('685', '08', 'CO', 'SANTO TOMAS');
INSERT INTO G_CIUDAD (CIUDAD, DEPARTAMENTO, PAIS, NOMBRE) VALUES ('758', '08', 'CO', 'SOLEDAD');
INSERT INTO G_CIUDAD (CIUDAD, DEPARTAMENTO, PAIS, NOMBRE) VALUES ('770', '08', 'CO', 'SUAN');
INSERT INTO G_CIUDAD (CIUDAD, DEPARTAMENTO, PAIS, NOMBRE) VALUES ('849', '08', 'CO', 'USIACURI');
INSERT INTO G_CIUDAD (CIUDAD, DEPARTAMENTO, PAIS, NOMBRE) VALUES ('001', '13', 'CO', 'CARTAGENA');
INSERT INTO G_CIUDAD (CIUDAD, DEPARTAMENTO, PAIS, NOMBRE) VALUES ('006', '13', 'CO', 'ACHI');
INSERT INTO G_CIUDAD (CIUDAD, DEPARTAMENTO, PAIS, NOMBRE) VALUES ('030', '13', 'CO', 'ALTOS DEL ROSARIO');
INSERT INTO G_CIUDAD (CIUDAD, DEPARTAMENTO, PAIS, NOMBRE) VALUES ('042', '13', 'CO', 'ARENAL');
INSERT INTO G_CIUDAD (CIUDAD, DEPARTAMENTO, PAIS, NOMBRE) VALUES ('062', '13', 'CO', 'ARROYOHONDO');
INSERT INTO G_CIUDAD (CIUDAD, DEPARTAMENTO, PAIS, NOMBRE) VALUES ('074', '13', 'CO', 'BARRANCO DE LOBA');
INSERT INTO G_CIUDAD (CIUDAD, DEPARTAMENTO, PAIS, NOMBRE) VALUES ('140', '13', 'CO', 'CALAMAR');
INSERT INTO G_CIUDAD (CIUDAD, DEPARTAMENTO, PAIS, NOMBRE) VALUES ('160', '13', 'CO', 'CANTAGALLO');
INSERT INTO G_CIUDAD (CIUDAD, DEPARTAMENTO, PAIS, NOMBRE) VALUES ('212', '13', 'CO', 'CORDOBA');
INSERT INTO G_CIUDAD (CIUDAD, DEPARTAMENTO, PAIS, NOMBRE) VALUES ('244', '13', 'CO', 'EL CARMEN DE BOLIVAR');
INSERT INTO G_CIUDAD (CIUDAD, DEPARTAMENTO, PAIS, NOMBRE) VALUES ('248', '13', 'CO', 'EL GUAMO');
INSERT INTO G_CIUDAD (CIUDAD, DEPARTAMENTO, PAIS, NOMBRE) VALUES ('268', '13', 'CO', 'EL PEÑON');
INSERT INTO G_CIUDAD (CIUDAD, DEPARTAMENTO, PAIS, NOMBRE) VALUES ('430', '13', 'CO', 'MAGANGUE');
INSERT INTO G_CIUDAD (CIUDAD, DEPARTAMENTO, PAIS, NOMBRE) VALUES ('433', '13', 'CO', 'MAHATES');
INSERT INTO G_CIUDAD (CIUDAD, DEPARTAMENTO, PAIS, NOMBRE) VALUES ('442', '13', 'CO', 'MARIA LA BAJA');
INSERT INTO G_CIUDAD (CIUDAD, DEPARTAMENTO, PAIS, NOMBRE) VALUES ('458', '13', 'CO', 'MONTECRISTO');
INSERT INTO G_CIUDAD (CIUDAD, DEPARTAMENTO, PAIS, NOMBRE) VALUES ('468', '13', 'CO', 'MOMPOS');
INSERT INTO G_CIUDAD (CIUDAD, DEPARTAMENTO, PAIS, NOMBRE) VALUES ('473', '13', 'CO', 'MORALES');
INSERT INTO G_CIUDAD (CIUDAD, DEPARTAMENTO, PAIS, NOMBRE) VALUES ('549', '13', 'CO', 'PINILLOS');
INSERT INTO G_CIUDAD (CIUDAD, DEPARTAMENTO, PAIS, NOMBRE) VALUES ('620', '13', 'CO', 'SAN CRISTOBAL');
INSERT INTO G_CIUDAD (CIUDAD, DEPARTAMENTO, PAIS, NOMBRE) VALUES ('647', '13', 'CO', 'SAN ESTANISLAO');
INSERT INTO G_CIUDAD (CIUDAD, DEPARTAMENTO, PAIS, NOMBRE) VALUES ('650', '13', 'CO', 'SAN FERNANDO');
INSERT INTO G_CIUDAD (CIUDAD, DEPARTAMENTO, PAIS, NOMBRE) VALUES ('654', '13', 'CO', 'SAN JACINTO');
INSERT INTO G_CIUDAD (CIUDAD, DEPARTAMENTO, PAIS, NOMBRE) VALUES ('667', '13', 'CO', 'SAN MARTIN DE LOBA');
INSERT INTO G_CIUDAD (CIUDAD, DEPARTAMENTO, PAIS, NOMBRE) VALUES ('670', '13', 'CO', 'SAN PABLO');
INSERT INTO G_CIUDAD (CIUDAD, DEPARTAMENTO, PAIS, NOMBRE) VALUES ('673', '13', 'CO', 'SANTA CATALINA');
INSERT INTO G_CIUDAD (CIUDAD, DEPARTAMENTO, PAIS, NOMBRE) VALUES ('683', '13', 'CO', 'SANTA ROSA');
INSERT INTO G_CIUDAD (CIUDAD, DEPARTAMENTO, PAIS, NOMBRE) VALUES ('688', '13', 'CO', 'SANTA ROSA DEL SUR');
INSERT INTO G_CIUDAD (CIUDAD, DEPARTAMENTO, PAIS, NOMBRE) VALUES ('744', '13', 'CO', 'SIMITI');
INSERT INTO G_CIUDAD (CIUDAD, DEPARTAMENTO, PAIS, NOMBRE) VALUES ('760', '13', 'CO', 'SOPLAVIENTO');
INSERT INTO G_CIUDAD (CIUDAD, DEPARTAMENTO, PAIS, NOMBRE) VALUES ('780', '13', 'CO', 'TALAIGUA NUEVO');
INSERT INTO G_CIUDAD (CIUDAD, DEPARTAMENTO, PAIS, NOMBRE) VALUES ('838', '13', 'CO', 'TURBANA');
INSERT INTO G_CIUDAD (CIUDAD, DEPARTAMENTO, PAIS, NOMBRE) VALUES ('873', '13', 'CO', 'VILLANUEVA');
INSERT INTO G_CIUDAD (CIUDAD, DEPARTAMENTO, PAIS, NOMBRE) VALUES ('894', '13', 'CO', 'ZAMBRANO');
INSERT INTO G_CIUDAD (CIUDAD, DEPARTAMENTO, PAIS, NOMBRE) VALUES ('001', '15', 'CO', 'TUNJA');
INSERT INTO G_CIUDAD (CIUDAD, DEPARTAMENTO, PAIS, NOMBRE) VALUES ('022', '15', 'CO', 'ALMEIDA');
INSERT INTO G_CIUDAD (CIUDAD, DEPARTAMENTO, PAIS, NOMBRE) VALUES ('087', '15', 'CO', 'BELEN');
INSERT INTO G_CIUDAD (CIUDAD, DEPARTAMENTO, PAIS, NOMBRE) VALUES ('090', '15', 'CO', 'BERBEO');
INSERT INTO G_CIUDAD (CIUDAD, DEPARTAMENTO, PAIS, NOMBRE) VALUES ('092', '15', 'CO', 'BETEITIVA');
INSERT INTO G_CIUDAD (CIUDAD, DEPARTAMENTO, PAIS, NOMBRE) VALUES ('097', '15', 'CO', 'BOAVITA');
INSERT INTO G_CIUDAD (CIUDAD, DEPARTAMENTO, PAIS, NOMBRE) VALUES ('104', '15', 'CO', 'BOYACA');
INSERT INTO G_CIUDAD (CIUDAD, DEPARTAMENTO, PAIS, NOMBRE) VALUES ('114', '15', 'CO', 'BUSBANZA');
INSERT INTO G_CIUDAD (CIUDAD, DEPARTAMENTO, PAIS, NOMBRE) VALUES ('131', '15', 'CO', 'CALDAS');
INSERT INTO G_CIUDAD (CIUDAD, DEPARTAMENTO, PAIS, NOMBRE) VALUES ('135', '15', 'CO', 'CAMPOHERMOSO');
INSERT INTO G_CIUDAD (CIUDAD, DEPARTAMENTO, PAIS, NOMBRE) VALUES ('162', '15', 'CO', 'CERINZA');
INSERT INTO G_CIUDAD (CIUDAD, DEPARTAMENTO, PAIS, NOMBRE) VALUES ('176', '15', 'CO', 'CHIQUINQUIRA');
INSERT INTO G_CIUDAD (CIUDAD, DEPARTAMENTO, PAIS, NOMBRE) VALUES ('183', '15', 'CO', 'CHITA');
INSERT INTO G_CIUDAD (CIUDAD, DEPARTAMENTO, PAIS, NOMBRE) VALUES ('185', '15', 'CO', 'CHITARAQUE');
INSERT INTO G_CIUDAD (CIUDAD, DEPARTAMENTO, PAIS, NOMBRE) VALUES ('187', '15', 'CO', 'CHIVATA');
INSERT INTO G_CIUDAD (CIUDAD, DEPARTAMENTO, PAIS, NOMBRE) VALUES ('189', '15', 'CO', 'CIENEGA');
INSERT INTO G_CIUDAD (CIUDAD, DEPARTAMENTO, PAIS, NOMBRE) VALUES ('215', '15', 'CO', 'CORRALES');
INSERT INTO G_CIUDAD (CIUDAD, DEPARTAMENTO, PAIS, NOMBRE) VALUES ('218', '15', 'CO', 'COVARACHIA');
INSERT INTO G_CIUDAD (CIUDAD, DEPARTAMENTO, PAIS, NOMBRE) VALUES ('223', '15', 'CO', 'CUBARA');
INSERT INTO G_CIUDAD (CIUDAD, DEPARTAMENTO, PAIS, NOMBRE) VALUES ('224', '15', 'CO', 'CUCAITA');
INSERT INTO G_CIUDAD (CIUDAD, DEPARTAMENTO, PAIS, NOMBRE) VALUES ('236', '15', 'CO', 'CHIVOR');
INSERT INTO G_CIUDAD (CIUDAD, DEPARTAMENTO, PAIS, NOMBRE) VALUES ('238', '15', 'CO', 'DUITAMA');
INSERT INTO G_CIUDAD (CIUDAD, DEPARTAMENTO, PAIS, NOMBRE) VALUES ('244', '15', 'CO', 'EL COCUY');
INSERT INTO G_CIUDAD (CIUDAD, DEPARTAMENTO, PAIS, NOMBRE) VALUES ('248', '15', 'CO', 'EL ESPINO');
INSERT INTO G_CIUDAD (CIUDAD, DEPARTAMENTO, PAIS, NOMBRE) VALUES ('276', '15', 'CO', 'FLORESTA');
INSERT INTO G_CIUDAD (CIUDAD, DEPARTAMENTO, PAIS, NOMBRE) VALUES ('296', '15', 'CO', 'GAMEZA');
INSERT INTO G_CIUDAD (CIUDAD, DEPARTAMENTO, PAIS, NOMBRE) VALUES ('299', '15', 'CO', 'GARAGOA');
INSERT INTO G_CIUDAD (CIUDAD, DEPARTAMENTO, PAIS, NOMBRE) VALUES ('317', '15', 'CO', 'GUACAMAYAS');
INSERT INTO G_CIUDAD (CIUDAD, DEPARTAMENTO, PAIS, NOMBRE) VALUES ('322', '15', 'CO', 'GUATEQUE');
INSERT INTO G_CIUDAD (CIUDAD, DEPARTAMENTO, PAIS, NOMBRE) VALUES ('332', '15', 'CO', 'GÜICAN');
INSERT INTO G_CIUDAD (CIUDAD, DEPARTAMENTO, PAIS, NOMBRE) VALUES ('367', '15', 'CO', 'JENESANO');
INSERT INTO G_CIUDAD (CIUDAD, DEPARTAMENTO, PAIS, NOMBRE) VALUES ('368', '15', 'CO', 'JERICO');
INSERT INTO G_CIUDAD (CIUDAD, DEPARTAMENTO, PAIS, NOMBRE) VALUES ('377', '15', 'CO', 'LABRANZAGRANDE');
INSERT INTO G_CIUDAD (CIUDAD, DEPARTAMENTO, PAIS, NOMBRE) VALUES ('401', '15', 'CO', 'LA VICTORIA');
INSERT INTO G_CIUDAD (CIUDAD, DEPARTAMENTO, PAIS, NOMBRE) VALUES ('407', '15', 'CO', 'VILLA DE LEYVA');
INSERT INTO G_CIUDAD (CIUDAD, DEPARTAMENTO, PAIS, NOMBRE) VALUES ('425', '15', 'CO', 'MACANAL');
INSERT INTO G_CIUDAD (CIUDAD, DEPARTAMENTO, PAIS, NOMBRE) VALUES ('442', '15', 'CO', 'MARIPI');
INSERT INTO G_CIUDAD (CIUDAD, DEPARTAMENTO, PAIS, NOMBRE) VALUES ('455', '15', 'CO', 'MIRAFLORES');
INSERT INTO G_CIUDAD (CIUDAD, DEPARTAMENTO, PAIS, NOMBRE) VALUES ('466', '15', 'CO', 'MONGUI');
INSERT INTO G_CIUDAD (CIUDAD, DEPARTAMENTO, PAIS, NOMBRE) VALUES ('476', '15', 'CO', 'MOTAVITA');
INSERT INTO G_CIUDAD (CIUDAD, DEPARTAMENTO, PAIS, NOMBRE) VALUES ('480', '15', 'CO', 'MUZO');
INSERT INTO G_CIUDAD (CIUDAD, DEPARTAMENTO, PAIS, NOMBRE) VALUES ('494', '15', 'CO', 'NUEVO COLON');
INSERT INTO G_CIUDAD (CIUDAD, DEPARTAMENTO, PAIS, NOMBRE) VALUES ('500', '15', 'CO', 'OICATA');
INSERT INTO G_CIUDAD (CIUDAD, DEPARTAMENTO, PAIS, NOMBRE) VALUES ('507', '15', 'CO', 'OTANCHE');
INSERT INTO G_CIUDAD (CIUDAD, DEPARTAMENTO, PAIS, NOMBRE) VALUES ('514', '15', 'CO', 'PAEZ');
INSERT INTO G_CIUDAD (CIUDAD, DEPARTAMENTO, PAIS, NOMBRE) VALUES ('518', '15', 'CO', 'PAJARITO');
INSERT INTO G_CIUDAD (CIUDAD, DEPARTAMENTO, PAIS, NOMBRE) VALUES ('522', '15', 'CO', 'PANQUEBA');
INSERT INTO G_CIUDAD (CIUDAD, DEPARTAMENTO, PAIS, NOMBRE) VALUES ('531', '15', 'CO', 'PAUNA');
INSERT INTO G_CIUDAD (CIUDAD, DEPARTAMENTO, PAIS, NOMBRE) VALUES ('533', '15', 'CO', 'PAYA');
INSERT INTO G_CIUDAD (CIUDAD, DEPARTAMENTO, PAIS, NOMBRE) VALUES ('550', '15', 'CO', 'PISBA');
INSERT INTO G_CIUDAD (CIUDAD, DEPARTAMENTO, PAIS, NOMBRE) VALUES ('572', '15', 'CO', 'PUERTO BOYACA');
INSERT INTO G_CIUDAD (CIUDAD, DEPARTAMENTO, PAIS, NOMBRE) VALUES ('580', '15', 'CO', 'QUIPAMA');
INSERT INTO G_CIUDAD (CIUDAD, DEPARTAMENTO, PAIS, NOMBRE) VALUES ('599', '15', 'CO', 'RAMIRIQUI');
INSERT INTO G_CIUDAD (CIUDAD, DEPARTAMENTO, PAIS, NOMBRE) VALUES ('638', '15', 'CO', 'SACHICA');
INSERT INTO G_CIUDAD (CIUDAD, DEPARTAMENTO, PAIS, NOMBRE) VALUES ('646', '15', 'CO', 'SAMACA');
INSERT INTO G_CIUDAD (CIUDAD, DEPARTAMENTO, PAIS, NOMBRE) VALUES ('660', '15', 'CO', 'SAN EDUARDO');
INSERT INTO G_CIUDAD (CIUDAD, DEPARTAMENTO, PAIS, NOMBRE) VALUES ('667', '15', 'CO', 'SAN LUIS DE GACENO');
INSERT INTO G_CIUDAD (CIUDAD, DEPARTAMENTO, PAIS, NOMBRE) VALUES ('681', '15', 'CO', 'SAN PABLO DE BORBUR');
INSERT INTO G_CIUDAD (CIUDAD, DEPARTAMENTO, PAIS, NOMBRE) VALUES ('686', '15', 'CO', 'SANTANA');
INSERT INTO G_CIUDAD (CIUDAD, DEPARTAMENTO, PAIS, NOMBRE) VALUES ('690', '15', 'CO', 'SANTA MARIA');
INSERT INTO G_CIUDAD (CIUDAD, DEPARTAMENTO, PAIS, NOMBRE) VALUES ('693', '15', 'CO', 'SANTA ROSA DE VITERBO');
INSERT INTO G_CIUDAD (CIUDAD, DEPARTAMENTO, PAIS, NOMBRE) VALUES ('720', '15', 'CO', 'SATIVANORTE');
INSERT INTO G_CIUDAD (CIUDAD, DEPARTAMENTO, PAIS, NOMBRE) VALUES ('740', '15', 'CO', 'SIACHOQUE');
INSERT INTO G_CIUDAD (CIUDAD, DEPARTAMENTO, PAIS, NOMBRE) VALUES ('753', '15', 'CO', 'SOATA');
INSERT INTO G_CIUDAD (CIUDAD, DEPARTAMENTO, PAIS, NOMBRE) VALUES ('757', '15', 'CO', 'SOCHA');
INSERT INTO G_CIUDAD (CIUDAD, DEPARTAMENTO, PAIS, NOMBRE) VALUES ('450', '27', 'CO', 'MEDIO SAN JUAN');
INSERT INTO G_CIUDAD (CIUDAD, DEPARTAMENTO, PAIS, NOMBRE) VALUES ('491', '27', 'CO', 'NOVITA');
INSERT INTO G_CIUDAD (CIUDAD, DEPARTAMENTO, PAIS, NOMBRE) VALUES ('495', '27', 'CO', 'NUQUI');
INSERT INTO G_CIUDAD (CIUDAD, DEPARTAMENTO, PAIS, NOMBRE) VALUES ('600', '27', 'CO', 'RIO QUITO');
INSERT INTO G_CIUDAD (CIUDAD, DEPARTAMENTO, PAIS, NOMBRE) VALUES ('615', '27', 'CO', 'RIOSUCIO');
INSERT INTO G_CIUDAD (CIUDAD, DEPARTAMENTO, PAIS, NOMBRE) VALUES ('745', '27', 'CO', 'SIPI');
INSERT INTO G_CIUDAD (CIUDAD, DEPARTAMENTO, PAIS, NOMBRE) VALUES ('787', '27', 'CO', 'TADO');
INSERT INTO G_CIUDAD (CIUDAD, DEPARTAMENTO, PAIS, NOMBRE) VALUES ('800', '27', 'CO', 'UNGUIA');
INSERT INTO G_CIUDAD (CIUDAD, DEPARTAMENTO, PAIS, NOMBRE) VALUES ('001', '41', 'CO', 'NEIVA');
INSERT INTO G_CIUDAD (CIUDAD, DEPARTAMENTO, PAIS, NOMBRE) VALUES ('006', '41', 'CO', 'ACEVEDO');
INSERT INTO G_CIUDAD (CIUDAD, DEPARTAMENTO, PAIS, NOMBRE) VALUES ('013', '41', 'CO', 'AGRADO');
INSERT INTO G_CIUDAD (CIUDAD, DEPARTAMENTO, PAIS, NOMBRE) VALUES ('016', '41', 'CO', 'AIPE');
INSERT INTO G_CIUDAD (CIUDAD, DEPARTAMENTO, PAIS, NOMBRE) VALUES ('020', '41', 'CO', 'ALGECIRAS');
INSERT INTO G_CIUDAD (CIUDAD, DEPARTAMENTO, PAIS, NOMBRE) VALUES ('078', '41', 'CO', 'BARAYA');
INSERT INTO G_CIUDAD (CIUDAD, DEPARTAMENTO, PAIS, NOMBRE) VALUES ('132', '41', 'CO', 'CAMPOALEGRE');
INSERT INTO G_CIUDAD (CIUDAD, DEPARTAMENTO, PAIS, NOMBRE) VALUES ('244', '41', 'CO', 'ELIAS');
INSERT INTO G_CIUDAD (CIUDAD, DEPARTAMENTO, PAIS, NOMBRE) VALUES ('298', '41', 'CO', 'GARZON');
INSERT INTO G_CIUDAD (CIUDAD, DEPARTAMENTO, PAIS, NOMBRE) VALUES ('319', '41', 'CO', 'GUADALUPE');
INSERT INTO G_CIUDAD (CIUDAD, DEPARTAMENTO, PAIS, NOMBRE) VALUES ('349', '41', 'CO', 'HOBO');
INSERT INTO G_CIUDAD (CIUDAD, DEPARTAMENTO, PAIS, NOMBRE) VALUES ('357', '41', 'CO', 'IQUIRA');
INSERT INTO G_CIUDAD (CIUDAD, DEPARTAMENTO, PAIS, NOMBRE) VALUES ('378', '41', 'CO', 'LA ARGENTINA');
INSERT INTO G_CIUDAD (CIUDAD, DEPARTAMENTO, PAIS, NOMBRE) VALUES ('483', '41', 'CO', 'NATAGA');
INSERT INTO G_CIUDAD (CIUDAD, DEPARTAMENTO, PAIS, NOMBRE) VALUES ('503', '41', 'CO', 'OPORAPA');
INSERT INTO G_CIUDAD (CIUDAD, DEPARTAMENTO, PAIS, NOMBRE) VALUES ('518', '41', 'CO', 'PAICOL');
INSERT INTO G_CIUDAD (CIUDAD, DEPARTAMENTO, PAIS, NOMBRE) VALUES ('530', '41', 'CO', 'PALESTINA');
INSERT INTO G_CIUDAD (CIUDAD, DEPARTAMENTO, PAIS, NOMBRE) VALUES ('548', '41', 'CO', 'PITAL');
INSERT INTO G_CIUDAD (CIUDAD, DEPARTAMENTO, PAIS, NOMBRE) VALUES ('615', '41', 'CO', 'RIVERA');
INSERT INTO G_CIUDAD (CIUDAD, DEPARTAMENTO, PAIS, NOMBRE) VALUES ('660', '41', 'CO', 'SALADOBLANCO');
INSERT INTO G_CIUDAD (CIUDAD, DEPARTAMENTO, PAIS, NOMBRE) VALUES ('676', '41', 'CO', 'SANTA MARIA');
INSERT INTO G_CIUDAD (CIUDAD, DEPARTAMENTO, PAIS, NOMBRE) VALUES ('770', '41', 'CO', 'SUAZA');
INSERT INTO G_CIUDAD (CIUDAD, DEPARTAMENTO, PAIS, NOMBRE) VALUES ('797', '41', 'CO', 'TESALIA');
INSERT INTO G_CIUDAD (CIUDAD, DEPARTAMENTO, PAIS, NOMBRE) VALUES ('799', '41', 'CO', 'TELLO');
INSERT INTO G_CIUDAD (CIUDAD, DEPARTAMENTO, PAIS, NOMBRE) VALUES ('801', '41', 'CO', 'TERUEL');
INSERT INTO G_CIUDAD (CIUDAD, DEPARTAMENTO, PAIS, NOMBRE) VALUES ('807', '41', 'CO', 'TIMANA');
INSERT INTO G_CIUDAD (CIUDAD, DEPARTAMENTO, PAIS, NOMBRE) VALUES ('001', '44', 'CO', 'RIOHACHA');
INSERT INTO G_CIUDAD (CIUDAD, DEPARTAMENTO, PAIS, NOMBRE) VALUES ('035', '44', 'CO', 'ALBANIA');
INSERT INTO G_CIUDAD (CIUDAD, DEPARTAMENTO, PAIS, NOMBRE) VALUES ('078', '44', 'CO', 'BARRANCAS');
INSERT INTO G_CIUDAD (CIUDAD, DEPARTAMENTO, PAIS, NOMBRE) VALUES ('090', '44', 'CO', 'DIBULLA');
INSERT INTO G_CIUDAD (CIUDAD, DEPARTAMENTO, PAIS, NOMBRE) VALUES ('098', '44', 'CO', 'DISTRACCION');
INSERT INTO G_CIUDAD (CIUDAD, DEPARTAMENTO, PAIS, NOMBRE) VALUES ('378', '44', 'CO', 'HATONUEVO');
INSERT INTO G_CIUDAD (CIUDAD, DEPARTAMENTO, PAIS, NOMBRE) VALUES ('420', '44', 'CO', 'LA JAGUA DEL PILAR');
INSERT INTO G_CIUDAD (CIUDAD, DEPARTAMENTO, PAIS, NOMBRE) VALUES ('430', '44', 'CO', 'MAICAO');
INSERT INTO G_CIUDAD (CIUDAD, DEPARTAMENTO, PAIS, NOMBRE) VALUES ('560', '44', 'CO', 'MANAURE');
INSERT INTO G_CIUDAD (CIUDAD, DEPARTAMENTO, PAIS, NOMBRE) VALUES ('847', '44', 'CO', 'URIBIA');
INSERT INTO G_CIUDAD (CIUDAD, DEPARTAMENTO, PAIS, NOMBRE) VALUES ('874', '44', 'CO', 'VILLANUEVA');
INSERT INTO G_CIUDAD (CIUDAD, DEPARTAMENTO, PAIS, NOMBRE) VALUES ('001', '47', 'CO', 'SANTA MARTA');
INSERT INTO G_CIUDAD (CIUDAD, DEPARTAMENTO, PAIS, NOMBRE) VALUES ('030', '47', 'CO', 'ALGARROBO');
INSERT INTO G_CIUDAD (CIUDAD, DEPARTAMENTO, PAIS, NOMBRE) VALUES ('053', '47', 'CO', 'ARACATACA');
INSERT INTO G_CIUDAD (CIUDAD, DEPARTAMENTO, PAIS, NOMBRE) VALUES ('161', '47', 'CO', 'CERRO SAN ANTONIO');
INSERT INTO G_CIUDAD (CIUDAD, DEPARTAMENTO, PAIS, NOMBRE) VALUES ('170', '47', 'CO', 'CHIBOLO');
INSERT INTO G_CIUDAD (CIUDAD, DEPARTAMENTO, PAIS, NOMBRE) VALUES ('205', '47', 'CO', 'CONCORDIA');
INSERT INTO G_CIUDAD (CIUDAD, DEPARTAMENTO, PAIS, NOMBRE) VALUES ('245', '47', 'CO', 'EL BANCO');
INSERT INTO G_CIUDAD (CIUDAD, DEPARTAMENTO, PAIS, NOMBRE) VALUES ('258', '47', 'CO', 'EL PIÑON');
INSERT INTO G_CIUDAD (CIUDAD, DEPARTAMENTO, PAIS, NOMBRE) VALUES ('288', '47', 'CO', 'FUNDACION');
INSERT INTO G_CIUDAD (CIUDAD, DEPARTAMENTO, PAIS, NOMBRE) VALUES ('460', '47', 'CO', 'NUEVA GRANADA');
INSERT INTO G_CIUDAD (CIUDAD, DEPARTAMENTO, PAIS, NOMBRE) VALUES ('541', '47', 'CO', 'PEDRAZA');
INSERT INTO G_CIUDAD (CIUDAD, DEPARTAMENTO, PAIS, NOMBRE) VALUES ('545', '47', 'CO', 'PIJIÑO DEL CARMEN');
INSERT INTO G_CIUDAD (CIUDAD, DEPARTAMENTO, PAIS, NOMBRE) VALUES ('551', '47', 'CO', 'PIVIJAY');
INSERT INTO G_CIUDAD (CIUDAD, DEPARTAMENTO, PAIS, NOMBRE) VALUES ('605', '47', 'CO', 'REMOLINO');
INSERT INTO G_CIUDAD (CIUDAD, DEPARTAMENTO, PAIS, NOMBRE) VALUES ('660', '47', 'CO', 'SABANAS DE SAN ANGEL');
INSERT INTO G_CIUDAD (CIUDAD, DEPARTAMENTO, PAIS, NOMBRE) VALUES ('675', '47', 'CO', 'SALAMINA');
INSERT INTO G_CIUDAD (CIUDAD, DEPARTAMENTO, PAIS, NOMBRE) VALUES ('692', '47', 'CO', 'SAN SEBASTIAN DE BUENAVISTA');
INSERT INTO G_CIUDAD (CIUDAD, DEPARTAMENTO, PAIS, NOMBRE) VALUES ('707', '47', 'CO', 'SANTA ANA');
INSERT INTO G_CIUDAD (CIUDAD, DEPARTAMENTO, PAIS, NOMBRE) VALUES ('745', '47', 'CO', 'SITIONUEVO');
INSERT INTO G_CIUDAD (CIUDAD, DEPARTAMENTO, PAIS, NOMBRE) VALUES ('798', '47', 'CO', 'TENERIFE');
INSERT INTO G_CIUDAD (CIUDAD, DEPARTAMENTO, PAIS, NOMBRE) VALUES ('960', '47', 'CO', 'ZAPAYAN');
INSERT INTO G_CIUDAD (CIUDAD, DEPARTAMENTO, PAIS, NOMBRE) VALUES ('980', '47', 'CO', 'ZONA BANANERA');
INSERT INTO G_CIUDAD (CIUDAD, DEPARTAMENTO, PAIS, NOMBRE) VALUES ('006', '50', 'CO', 'ACACIAS');
INSERT INTO G_CIUDAD (CIUDAD, DEPARTAMENTO, PAIS, NOMBRE) VALUES ('110', '50', 'CO', 'BARRANCA DE UPIA');
INSERT INTO G_CIUDAD (CIUDAD, DEPARTAMENTO, PAIS, NOMBRE) VALUES ('124', '50', 'CO', 'CABUYARO');
INSERT INTO G_CIUDAD (CIUDAD, DEPARTAMENTO, PAIS, NOMBRE) VALUES ('150', '50', 'CO', 'CASTILLA LA NUEVA');
INSERT INTO G_CIUDAD (CIUDAD, DEPARTAMENTO, PAIS, NOMBRE) VALUES ('223', '50', 'CO', 'CUBARRAL');
INSERT INTO G_CIUDAD (CIUDAD, DEPARTAMENTO, PAIS, NOMBRE) VALUES ('245', '50', 'CO', 'EL CALVARIO');
INSERT INTO G_CIUDAD (CIUDAD, DEPARTAMENTO, PAIS, NOMBRE) VALUES ('270', '50', 'CO', 'EL DORADO');
INSERT INTO G_CIUDAD (CIUDAD, DEPARTAMENTO, PAIS, NOMBRE) VALUES ('287', '50', 'CO', 'FUENTE DE ORO');
INSERT INTO G_CIUDAD (CIUDAD, DEPARTAMENTO, PAIS, NOMBRE) VALUES ('313', '50', 'CO', 'GRANADA');
INSERT INTO G_CIUDAD (CIUDAD, DEPARTAMENTO, PAIS, NOMBRE) VALUES ('325', '50', 'CO', 'MAPIRIPAN');
INSERT INTO G_CIUDAD (CIUDAD, DEPARTAMENTO, PAIS, NOMBRE) VALUES ('330', '50', 'CO', 'MESETAS');
INSERT INTO G_CIUDAD (CIUDAD, DEPARTAMENTO, PAIS, NOMBRE) VALUES ('370', '50', 'CO', 'URIBE');
INSERT INTO G_CIUDAD (CIUDAD, DEPARTAMENTO, PAIS, NOMBRE) VALUES ('400', '50', 'CO', 'LEJANIAS');
INSERT INTO G_CIUDAD (CIUDAD, DEPARTAMENTO, PAIS, NOMBRE) VALUES ('568', '50', 'CO', 'PUERTO GAITAN');
INSERT INTO G_CIUDAD (CIUDAD, DEPARTAMENTO, PAIS, NOMBRE) VALUES ('573', '50', 'CO', 'PUERTO LOPEZ');
INSERT INTO G_CIUDAD (CIUDAD, DEPARTAMENTO, PAIS, NOMBRE) VALUES ('577', '50', 'CO', 'PUERTO LLERAS');
INSERT INTO G_CIUDAD (CIUDAD, DEPARTAMENTO, PAIS, NOMBRE) VALUES ('590', '50', 'CO', 'PUERTO RICO');
INSERT INTO G_CIUDAD (CIUDAD, DEPARTAMENTO, PAIS, NOMBRE) VALUES ('680', '50', 'CO', 'SAN CARLOS DE GUAROA');
INSERT INTO G_CIUDAD (CIUDAD, DEPARTAMENTO, PAIS, NOMBRE) VALUES ('683', '50', 'CO', 'SAN JUAN DE ARAMA');
INSERT INTO G_CIUDAD (CIUDAD, DEPARTAMENTO, PAIS, NOMBRE) VALUES ('686', '50', 'CO', 'SAN JUANITO');
INSERT INTO G_CIUDAD (CIUDAD, DEPARTAMENTO, PAIS, NOMBRE) VALUES ('711', '50', 'CO', 'VISTA HERMOSA');
INSERT INTO G_CIUDAD (CIUDAD, DEPARTAMENTO, PAIS, NOMBRE) VALUES ('019', '52', 'CO', 'ALBAN');
INSERT INTO G_CIUDAD (CIUDAD, DEPARTAMENTO, PAIS, NOMBRE) VALUES ('022', '52', 'CO', 'ALDANA');
INSERT INTO G_CIUDAD (CIUDAD, DEPARTAMENTO, PAIS, NOMBRE) VALUES ('036', '52', 'CO', 'ANCUYA');
INSERT INTO G_CIUDAD (CIUDAD, DEPARTAMENTO, PAIS, NOMBRE) VALUES ('051', '52', 'CO', 'ARBOLEDA');
INSERT INTO G_CIUDAD (CIUDAD, DEPARTAMENTO, PAIS, NOMBRE) VALUES ('110', '52', 'CO', 'BUESACO');
INSERT INTO G_CIUDAD (CIUDAD, DEPARTAMENTO, PAIS, NOMBRE) VALUES ('203', '52', 'CO', 'COLON');
INSERT INTO G_CIUDAD (CIUDAD, DEPARTAMENTO, PAIS, NOMBRE) VALUES ('207', '52', 'CO', 'CONSACA');
INSERT INTO G_CIUDAD (CIUDAD, DEPARTAMENTO, PAIS, NOMBRE) VALUES ('210', '52', 'CO', 'CONTADERO');
INSERT INTO G_CIUDAD (CIUDAD, DEPARTAMENTO, PAIS, NOMBRE) VALUES ('227', '52', 'CO', 'CUMBAL');
INSERT INTO G_CIUDAD (CIUDAD, DEPARTAMENTO, PAIS, NOMBRE) VALUES ('233', '52', 'CO', 'CUMBITARA');
INSERT INTO G_CIUDAD (CIUDAD, DEPARTAMENTO, PAIS, NOMBRE) VALUES ('240', '52', 'CO', 'CHACHAGUI');
INSERT INTO G_CIUDAD (CIUDAD, DEPARTAMENTO, PAIS, NOMBRE) VALUES ('250', '52', 'CO', 'EL CHARCO');
INSERT INTO G_CIUDAD (CIUDAD, DEPARTAMENTO, PAIS, NOMBRE) VALUES ('256', '52', 'CO', 'EL ROSARIO');
INSERT INTO G_CIUDAD (CIUDAD, DEPARTAMENTO, PAIS, NOMBRE) VALUES ('260', '52', 'CO', 'EL TAMBO');
INSERT INTO G_CIUDAD (CIUDAD, DEPARTAMENTO, PAIS, NOMBRE) VALUES ('287', '52', 'CO', 'FUNES');
INSERT INTO G_CIUDAD (CIUDAD, DEPARTAMENTO, PAIS, NOMBRE) VALUES ('317', '52', 'CO', 'GUACHUCAL');
INSERT INTO G_CIUDAD (CIUDAD, DEPARTAMENTO, PAIS, NOMBRE) VALUES ('320', '52', 'CO', 'GUAITARILLA');
INSERT INTO G_CIUDAD (CIUDAD, DEPARTAMENTO, PAIS, NOMBRE) VALUES ('352', '52', 'CO', 'ILES');
INSERT INTO G_CIUDAD (CIUDAD, DEPARTAMENTO, PAIS, NOMBRE) VALUES ('354', '52', 'CO', 'IMUES');
INSERT INTO G_CIUDAD (CIUDAD, DEPARTAMENTO, PAIS, NOMBRE) VALUES ('356', '52', 'CO', 'IPIALES');
INSERT INTO G_CIUDAD (CIUDAD, DEPARTAMENTO, PAIS, NOMBRE) VALUES ('381', '52', 'CO', 'LA FLORIDA');
INSERT INTO G_CIUDAD (CIUDAD, DEPARTAMENTO, PAIS, NOMBRE) VALUES ('390', '52', 'CO', 'LA TOLA');
INSERT INTO G_CIUDAD (CIUDAD, DEPARTAMENTO, PAIS, NOMBRE) VALUES ('399', '52', 'CO', 'LA UNION');
INSERT INTO G_CIUDAD (CIUDAD, DEPARTAMENTO, PAIS, NOMBRE) VALUES ('405', '52', 'CO', 'LEIVA');
INSERT INTO G_CIUDAD (CIUDAD, DEPARTAMENTO, PAIS, NOMBRE) VALUES ('411', '52', 'CO', 'LINARES');
INSERT INTO G_CIUDAD (CIUDAD, DEPARTAMENTO, PAIS, NOMBRE) VALUES ('427', '52', 'CO', 'MAGUI');
INSERT INTO G_CIUDAD (CIUDAD, DEPARTAMENTO, PAIS, NOMBRE) VALUES ('473', '52', 'CO', 'MOSQUERA');
INSERT INTO G_CIUDAD (CIUDAD, DEPARTAMENTO, PAIS, NOMBRE) VALUES ('480', '52', 'CO', 'NARIÑO');
INSERT INTO G_CIUDAD (CIUDAD, DEPARTAMENTO, PAIS, NOMBRE) VALUES ('490', '52', 'CO', 'OLAYA HERRERA');
INSERT INTO G_CIUDAD (CIUDAD, DEPARTAMENTO, PAIS, NOMBRE) VALUES ('506', '52', 'CO', 'OSPINA');
INSERT INTO G_CIUDAD (CIUDAD, DEPARTAMENTO, PAIS, NOMBRE) VALUES ('560', '52', 'CO', 'POTOSI');
INSERT INTO G_CIUDAD (CIUDAD, DEPARTAMENTO, PAIS, NOMBRE) VALUES ('565', '52', 'CO', 'PROVIDENCIA');
INSERT INTO G_CIUDAD (CIUDAD, DEPARTAMENTO, PAIS, NOMBRE) VALUES ('573', '52', 'CO', 'PUERRES');
INSERT INTO G_CIUDAD (CIUDAD, DEPARTAMENTO, PAIS, NOMBRE) VALUES ('585', '52', 'CO', 'PUPIALES');
INSERT INTO G_CIUDAD (CIUDAD, DEPARTAMENTO, PAIS, NOMBRE) VALUES ('612', '52', 'CO', 'RICAURTE');
INSERT INTO G_CIUDAD (CIUDAD, DEPARTAMENTO, PAIS, NOMBRE) VALUES ('621', '52', 'CO', 'ROBERTO PAYAN');
INSERT INTO G_CIUDAD (CIUDAD, DEPARTAMENTO, PAIS, NOMBRE) VALUES ('683', '52', 'CO', 'SANDONA');
INSERT INTO G_CIUDAD (CIUDAD, DEPARTAMENTO, PAIS, NOMBRE) VALUES ('687', '52', 'CO', 'SAN LORENZO');
INSERT INTO G_CIUDAD (CIUDAD, DEPARTAMENTO, PAIS, NOMBRE) VALUES ('693', '52', 'CO', 'SAN PABLO');
INSERT INTO G_CIUDAD (CIUDAD, DEPARTAMENTO, PAIS, NOMBRE) VALUES ('694', '52', 'CO', 'SAN PEDRO DE CARTAGO');
INSERT INTO G_CIUDAD (CIUDAD, DEPARTAMENTO, PAIS, NOMBRE) VALUES ('696', '52', 'CO', 'SANTA BARBARA');
INSERT INTO G_CIUDAD (CIUDAD, DEPARTAMENTO, PAIS, NOMBRE) VALUES ('720', '52', 'CO', 'SAPUYES');
INSERT INTO G_CIUDAD (CIUDAD, DEPARTAMENTO, PAIS, NOMBRE) VALUES ('788', '52', 'CO', 'TANGUA');
INSERT INTO G_CIUDAD (CIUDAD, DEPARTAMENTO, PAIS, NOMBRE) VALUES ('835', '52', 'CO', 'TUMACO');
INSERT INTO G_CIUDAD (CIUDAD, DEPARTAMENTO, PAIS, NOMBRE) VALUES ('838', '52', 'CO', 'TUQUERRES');
INSERT INTO G_CIUDAD (CIUDAD, DEPARTAMENTO, PAIS, NOMBRE) VALUES ('001', '54', 'CO', 'CUCUTA');
INSERT INTO G_CIUDAD (CIUDAD, DEPARTAMENTO, PAIS, NOMBRE) VALUES ('003', '54', 'CO', 'ABREGO');
INSERT INTO G_CIUDAD (CIUDAD, DEPARTAMENTO, PAIS, NOMBRE) VALUES ('099', '54', 'CO', 'BOCHALEMA');
INSERT INTO G_CIUDAD (CIUDAD, DEPARTAMENTO, PAIS, NOMBRE) VALUES ('109', '54', 'CO', 'BUCARASICA');
INSERT INTO G_CIUDAD (CIUDAD, DEPARTAMENTO, PAIS, NOMBRE) VALUES ('125', '54', 'CO', 'CACOTA');
INSERT INTO G_CIUDAD (CIUDAD, DEPARTAMENTO, PAIS, NOMBRE) VALUES ('172', '54', 'CO', 'CHINACOTA');
INSERT INTO G_CIUDAD (CIUDAD, DEPARTAMENTO, PAIS, NOMBRE) VALUES ('174', '54', 'CO', 'CHITAGA');
INSERT INTO G_CIUDAD (CIUDAD, DEPARTAMENTO, PAIS, NOMBRE) VALUES ('223', '54', 'CO', 'CUCUTILLA');
INSERT INTO G_CIUDAD (CIUDAD, DEPARTAMENTO, PAIS, NOMBRE) VALUES ('239', '54', 'CO', 'DURANIA');
INSERT INTO G_CIUDAD (CIUDAD, DEPARTAMENTO, PAIS, NOMBRE) VALUES ('250', '54', 'CO', 'EL TARRA');
INSERT INTO G_CIUDAD (CIUDAD, DEPARTAMENTO, PAIS, NOMBRE) VALUES ('261', '54', 'CO', 'EL ZULIA');
INSERT INTO G_CIUDAD (CIUDAD, DEPARTAMENTO, PAIS, NOMBRE) VALUES ('313', '54', 'CO', 'GRAMALOTE');
INSERT INTO G_CIUDAD (CIUDAD, DEPARTAMENTO, PAIS, NOMBRE) VALUES ('344', '54', 'CO', 'HACARI');
INSERT INTO G_CIUDAD (CIUDAD, DEPARTAMENTO, PAIS, NOMBRE) VALUES ('377', '54', 'CO', 'LABATECA');
INSERT INTO G_CIUDAD (CIUDAD, DEPARTAMENTO, PAIS, NOMBRE) VALUES ('398', '54', 'CO', 'LA PLAYA');
INSERT INTO G_CIUDAD (CIUDAD, DEPARTAMENTO, PAIS, NOMBRE) VALUES ('405', '54', 'CO', 'LOS PATIOS');
INSERT INTO G_CIUDAD (CIUDAD, DEPARTAMENTO, PAIS, NOMBRE) VALUES ('418', '54', 'CO', 'LOURDES');
INSERT INTO G_CIUDAD (CIUDAD, DEPARTAMENTO, PAIS, NOMBRE) VALUES ('498', '54', 'CO', 'OCAÑA');
INSERT INTO G_CIUDAD (CIUDAD, DEPARTAMENTO, PAIS, NOMBRE) VALUES ('518', '54', 'CO', 'PAMPLONA');
INSERT INTO G_CIUDAD (CIUDAD, DEPARTAMENTO, PAIS, NOMBRE) VALUES ('520', '54', 'CO', 'PAMPLONITA');
INSERT INTO G_CIUDAD (CIUDAD, DEPARTAMENTO, PAIS, NOMBRE) VALUES ('599', '54', 'CO', 'RAGONVALIA');
INSERT INTO G_CIUDAD (CIUDAD, DEPARTAMENTO, PAIS, NOMBRE) VALUES ('660', '54', 'CO', 'SALAZAR');
INSERT INTO G_CIUDAD (CIUDAD, DEPARTAMENTO, PAIS, NOMBRE) VALUES ('673', '54', 'CO', 'SAN CAYETANO');
INSERT INTO G_CIUDAD (CIUDAD, DEPARTAMENTO, PAIS, NOMBRE) VALUES ('680', '54', 'CO', 'SANTIAGO');
INSERT INTO G_CIUDAD (CIUDAD, DEPARTAMENTO, PAIS, NOMBRE) VALUES ('720', '54', 'CO', 'SARDINATA');
INSERT INTO G_CIUDAD (CIUDAD, DEPARTAMENTO, PAIS, NOMBRE) VALUES ('743', '54', 'CO', 'SILOS');
INSERT INTO G_CIUDAD (CIUDAD, DEPARTAMENTO, PAIS, NOMBRE) VALUES ('800', '54', 'CO', 'TEORAMA');
INSERT INTO G_CIUDAD (CIUDAD, DEPARTAMENTO, PAIS, NOMBRE) VALUES ('871', '54', 'CO', 'VILLA CARO');
INSERT INTO G_CIUDAD (CIUDAD, DEPARTAMENTO, PAIS, NOMBRE) VALUES ('874', '54', 'CO', 'VILLA DEL ROSARIO');
INSERT INTO G_CIUDAD (CIUDAD, DEPARTAMENTO, PAIS, NOMBRE) VALUES ('001', '63', 'CO', 'ARMENIA');
INSERT INTO G_CIUDAD (CIUDAD, DEPARTAMENTO, PAIS, NOMBRE) VALUES ('130', '63', 'CO', 'CALARCA');
INSERT INTO G_CIUDAD (CIUDAD, DEPARTAMENTO, PAIS, NOMBRE) VALUES ('212', '63', 'CO', 'CORDOBA');
INSERT INTO G_CIUDAD (CIUDAD, DEPARTAMENTO, PAIS, NOMBRE) VALUES ('272', '63', 'CO', 'FILANDIA');
INSERT INTO G_CIUDAD (CIUDAD, DEPARTAMENTO, PAIS, NOMBRE) VALUES ('302', '63', 'CO', 'GENOVA');
INSERT INTO G_CIUDAD (CIUDAD, DEPARTAMENTO, PAIS, NOMBRE) VALUES ('401', '63', 'CO', 'LA TEBAIDA');
INSERT INTO G_CIUDAD (CIUDAD, DEPARTAMENTO, PAIS, NOMBRE) VALUES ('548', '63', 'CO', 'PIJAO');
INSERT INTO G_CIUDAD (CIUDAD, DEPARTAMENTO, PAIS, NOMBRE) VALUES ('690', '63', 'CO', 'SALENTO');
INSERT INTO G_CIUDAD (CIUDAD, DEPARTAMENTO, PAIS, NOMBRE) VALUES ('001', '66', 'CO', 'PEREIRA');
INSERT INTO G_CIUDAD (CIUDAD, DEPARTAMENTO, PAIS, NOMBRE) VALUES ('045', '66', 'CO', 'APIA');
INSERT INTO G_CIUDAD (CIUDAD, DEPARTAMENTO, PAIS, NOMBRE) VALUES ('075', '66', 'CO', 'BALBOA');
INSERT INTO G_CIUDAD (CIUDAD, DEPARTAMENTO, PAIS, NOMBRE) VALUES ('170', '66', 'CO', 'DOSQUEBRADAS');
INSERT INTO G_CIUDAD (CIUDAD, DEPARTAMENTO, PAIS, NOMBRE) VALUES ('383', '66', 'CO', 'LA CELIA');
INSERT INTO G_CIUDAD (CIUDAD, DEPARTAMENTO, PAIS, NOMBRE) VALUES ('400', '66', 'CO', 'LA VIRGINIA');
INSERT INTO G_CIUDAD (CIUDAD, DEPARTAMENTO, PAIS, NOMBRE) VALUES ('440', '66', 'CO', 'MARSELLA');
INSERT INTO G_CIUDAD (CIUDAD, DEPARTAMENTO, PAIS, NOMBRE) VALUES ('456', '66', 'CO', 'MISTRATO');
INSERT INTO G_CIUDAD (CIUDAD, DEPARTAMENTO, PAIS, NOMBRE) VALUES ('682', '66', 'CO', 'SANTA ROSA DE CABAL');
INSERT INTO G_CIUDAD (CIUDAD, DEPARTAMENTO, PAIS, NOMBRE) VALUES ('687', '66', 'CO', 'SANTUARIO');
INSERT INTO G_CIUDAD (CIUDAD, DEPARTAMENTO, PAIS, NOMBRE) VALUES ('001', '68', 'CO', 'BUCARAMANGA');
INSERT INTO G_CIUDAD (CIUDAD, DEPARTAMENTO, PAIS, NOMBRE) VALUES ('013', '68', 'CO', 'AGUADA');
INSERT INTO G_CIUDAD (CIUDAD, DEPARTAMENTO, PAIS, NOMBRE) VALUES ('020', '68', 'CO', 'ALBANIA');
INSERT INTO G_CIUDAD (CIUDAD, DEPARTAMENTO, PAIS, NOMBRE) VALUES ('051', '68', 'CO', 'ARATOCA');
INSERT INTO G_CIUDAD (CIUDAD, DEPARTAMENTO, PAIS, NOMBRE) VALUES ('081', '68', 'CO', 'BARRANCABERMEJA');
INSERT INTO G_CIUDAD (CIUDAD, DEPARTAMENTO, PAIS, NOMBRE) VALUES ('092', '68', 'CO', 'BETULIA');
INSERT INTO G_CIUDAD (CIUDAD, DEPARTAMENTO, PAIS, NOMBRE) VALUES ('101', '68', 'CO', 'BOLIVAR');
INSERT INTO G_CIUDAD (CIUDAD, DEPARTAMENTO, PAIS, NOMBRE) VALUES ('121', '68', 'CO', 'CABRERA');
INSERT INTO G_CIUDAD (CIUDAD, DEPARTAMENTO, PAIS, NOMBRE) VALUES ('147', '68', 'CO', 'CAPITANEJO');
INSERT INTO G_CIUDAD (CIUDAD, DEPARTAMENTO, PAIS, NOMBRE) VALUES ('160', '68', 'CO', 'CEPITA');
INSERT INTO G_CIUDAD (CIUDAD, DEPARTAMENTO, PAIS, NOMBRE) VALUES ('162', '68', 'CO', 'CERRITO');
INSERT INTO G_CIUDAD (CIUDAD, DEPARTAMENTO, PAIS, NOMBRE) VALUES ('167', '68', 'CO', 'CHARALA');
INSERT INTO G_CIUDAD (CIUDAD, DEPARTAMENTO, PAIS, NOMBRE) VALUES ('169', '68', 'CO', 'CHARTA');
INSERT INTO G_CIUDAD (CIUDAD, DEPARTAMENTO, PAIS, NOMBRE) VALUES ('190', '68', 'CO', 'CIMITARRA');
INSERT INTO G_CIUDAD (CIUDAD, DEPARTAMENTO, PAIS, NOMBRE) VALUES ('207', '68', 'CO', 'CONCEPCION');
INSERT INTO G_CIUDAD (CIUDAD, DEPARTAMENTO, PAIS, NOMBRE) VALUES ('209', '68', 'CO', 'CONFINES');
INSERT INTO G_CIUDAD (CIUDAD, DEPARTAMENTO, PAIS, NOMBRE) VALUES ('229', '68', 'CO', 'CURITI');
INSERT INTO G_CIUDAD (CIUDAD, DEPARTAMENTO, PAIS, NOMBRE) VALUES ('235', '68', 'CO', 'EL CARMEN DE CHUCURI');
INSERT INTO G_CIUDAD (CIUDAD, DEPARTAMENTO, PAIS, NOMBRE) VALUES ('250', '68', 'CO', 'EL PEÑON');
INSERT INTO G_CIUDAD (CIUDAD, DEPARTAMENTO, PAIS, NOMBRE) VALUES ('255', '68', 'CO', 'EL PLAYON');
INSERT INTO G_CIUDAD (CIUDAD, DEPARTAMENTO, PAIS, NOMBRE) VALUES ('271', '68', 'CO', 'FLORIAN');
INSERT INTO G_CIUDAD (CIUDAD, DEPARTAMENTO, PAIS, NOMBRE) VALUES ('276', '68', 'CO', 'FLORIDABLANCA');
INSERT INTO G_CIUDAD (CIUDAD, DEPARTAMENTO, PAIS, NOMBRE) VALUES ('296', '68', 'CO', 'GALAN');
INSERT INTO G_CIUDAD (CIUDAD, DEPARTAMENTO, PAIS, NOMBRE) VALUES ('307', '68', 'CO', 'GIRON');
INSERT INTO G_CIUDAD (CIUDAD, DEPARTAMENTO, PAIS, NOMBRE) VALUES ('322', '68', 'CO', 'GUAPOTA');
INSERT INTO G_CIUDAD (CIUDAD, DEPARTAMENTO, PAIS, NOMBRE) VALUES ('764', '15', 'CO', 'SORACA');
INSERT INTO G_CIUDAD (CIUDAD, DEPARTAMENTO, PAIS, NOMBRE) VALUES ('804', '15', 'CO', 'TIBANA');
INSERT INTO G_CIUDAD (CIUDAD, DEPARTAMENTO, PAIS, NOMBRE) VALUES ('816', '15', 'CO', 'TOGUI');
INSERT INTO G_CIUDAD (CIUDAD, DEPARTAMENTO, PAIS, NOMBRE) VALUES ('839', '15', 'CO', 'TUTAZA');
INSERT INTO G_CIUDAD (CIUDAD, DEPARTAMENTO, PAIS, NOMBRE) VALUES ('001', '17', 'CO', 'MANIZALES');
INSERT INTO G_CIUDAD (CIUDAD, DEPARTAMENTO, PAIS, NOMBRE) VALUES ('380', '17', 'CO', 'LA DORADA');
INSERT INTO G_CIUDAD (CIUDAD, DEPARTAMENTO, PAIS, NOMBRE) VALUES ('495', '17', 'CO', 'NORCASIA');
INSERT INTO G_CIUDAD (CIUDAD, DEPARTAMENTO, PAIS, NOMBRE) VALUES ('653', '17', 'CO', 'SALAMINA');
INSERT INTO G_CIUDAD (CIUDAD, DEPARTAMENTO, PAIS, NOMBRE) VALUES ('877', '17', 'CO', 'VITERBO');
INSERT INTO G_CIUDAD (CIUDAD, DEPARTAMENTO, PAIS, NOMBRE) VALUES ('247', '18', 'CO', 'EL DONCELLO');
INSERT INTO G_CIUDAD (CIUDAD, DEPARTAMENTO, PAIS, NOMBRE) VALUES ('756', '18', 'CO', 'SOLANO');
INSERT INTO G_CIUDAD (CIUDAD, DEPARTAMENTO, PAIS, NOMBRE) VALUES ('050', '19', 'CO', 'ARGELIA');
INSERT INTO G_CIUDAD (CIUDAD, DEPARTAMENTO, PAIS, NOMBRE) VALUES ('142', '19', 'CO', 'CALOTO');
INSERT INTO G_CIUDAD (CIUDAD, DEPARTAMENTO, PAIS, NOMBRE) VALUES ('364', '19', 'CO', 'JAMBALO');
INSERT INTO G_CIUDAD (CIUDAD, DEPARTAMENTO, PAIS, NOMBRE) VALUES ('473', '19', 'CO', 'MORALES');
INSERT INTO G_CIUDAD (CIUDAD, DEPARTAMENTO, PAIS, NOMBRE) VALUES ('573', '19', 'CO', 'PUERTO TEJADA');
INSERT INTO G_CIUDAD (CIUDAD, DEPARTAMENTO, PAIS, NOMBRE) VALUES ('780', '19', 'CO', 'SUAREZ');
INSERT INTO G_CIUDAD (CIUDAD, DEPARTAMENTO, PAIS, NOMBRE) VALUES ('845', '19', 'CO', 'VILLA RICA');
INSERT INTO G_CIUDAD (CIUDAD, DEPARTAMENTO, PAIS, NOMBRE) VALUES ('175', '20', 'CO', 'CHIMICHAGUA');
INSERT INTO G_CIUDAD (CIUDAD, DEPARTAMENTO, PAIS, NOMBRE) VALUES ('383', '20', 'CO', 'LA GLORIA');
INSERT INTO G_CIUDAD (CIUDAD, DEPARTAMENTO, PAIS, NOMBRE) VALUES ('621', '20', 'CO', 'LA PAZ');
INSERT INTO G_CIUDAD (CIUDAD, DEPARTAMENTO, PAIS, NOMBRE) VALUES ('001', '23', 'CO', 'MONTERIA');
INSERT INTO G_CIUDAD (CIUDAD, DEPARTAMENTO, PAIS, NOMBRE) VALUES ('189', '23', 'CO', 'CIENAGA DE ORO');
INSERT INTO G_CIUDAD (CIUDAD, DEPARTAMENTO, PAIS, NOMBRE) VALUES ('555', '23', 'CO', 'PLANETA RICA');
INSERT INTO G_CIUDAD (CIUDAD, DEPARTAMENTO, PAIS, NOMBRE) VALUES ('675', '23', 'CO', 'SAN BERNARDO DEL VIENTO');
INSERT INTO G_CIUDAD (CIUDAD, DEPARTAMENTO, PAIS, NOMBRE) VALUES ('095', '25', 'CO', 'BITUIMA');
INSERT INTO G_CIUDAD (CIUDAD, DEPARTAMENTO, PAIS, NOMBRE) VALUES ('151', '25', 'CO', 'CAQUEZA');
INSERT INTO G_CIUDAD (CIUDAD, DEPARTAMENTO, PAIS, NOMBRE) VALUES ('183', '25', 'CO', 'CHOCONTA');
INSERT INTO G_CIUDAD (CIUDAD, DEPARTAMENTO, PAIS, NOMBRE) VALUES ('260', '25', 'CO', 'EL ROSAL');
INSERT INTO G_CIUDAD (CIUDAD, DEPARTAMENTO, PAIS, NOMBRE) VALUES ('293', '25', 'CO', 'GACHALA');
INSERT INTO G_CIUDAD (CIUDAD, DEPARTAMENTO, PAIS, NOMBRE) VALUES ('317', '25', 'CO', 'GUACHETA');
INSERT INTO G_CIUDAD (CIUDAD, DEPARTAMENTO, PAIS, NOMBRE) VALUES ('335', '25', 'CO', 'GUAYABETAL');
INSERT INTO G_CIUDAD (CIUDAD, DEPARTAMENTO, PAIS, NOMBRE) VALUES ('398', '25', 'CO', 'LA PEÑA');
INSERT INTO G_CIUDAD (CIUDAD, DEPARTAMENTO, PAIS, NOMBRE) VALUES ('438', '25', 'CO', 'MEDINA');
INSERT INTO G_CIUDAD (CIUDAD, DEPARTAMENTO, PAIS, NOMBRE) VALUES ('491', '25', 'CO', 'NOCAIMA');
INSERT INTO G_CIUDAD (CIUDAD, DEPARTAMENTO, PAIS, NOMBRE) VALUES ('535', '25', 'CO', 'PASCA');
INSERT INTO G_CIUDAD (CIUDAD, DEPARTAMENTO, PAIS, NOMBRE) VALUES ('596', '25', 'CO', 'QUIPILE');
INSERT INTO G_CIUDAD (CIUDAD, DEPARTAMENTO, PAIS, NOMBRE) VALUES ('658', '25', 'CO', 'SAN FRANCISCO');
INSERT INTO G_CIUDAD (CIUDAD, DEPARTAMENTO, PAIS, NOMBRE) VALUES ('758', '25', 'CO', 'SOPO');
INSERT INTO G_CIUDAD (CIUDAD, DEPARTAMENTO, PAIS, NOMBRE) VALUES ('781', '25', 'CO', 'SUTATAUSA');
INSERT INTO G_CIUDAD (CIUDAD, DEPARTAMENTO, PAIS, NOMBRE) VALUES ('815', '25', 'CO', 'TOCAIMA');
INSERT INTO G_CIUDAD (CIUDAD, DEPARTAMENTO, PAIS, NOMBRE) VALUES ('845', '25', 'CO', 'UNE');
INSERT INTO G_CIUDAD (CIUDAD, DEPARTAMENTO, PAIS, NOMBRE) VALUES ('871', '25', 'CO', 'VILLAGOMEZ');
INSERT INTO G_CIUDAD (CIUDAD, DEPARTAMENTO, PAIS, NOMBRE) VALUES ('025', '27', 'CO', 'ALTO BAUDO');
INSERT INTO G_CIUDAD (CIUDAD, DEPARTAMENTO, PAIS, NOMBRE) VALUES ('150', '27', 'CO', 'CARMEN DEL DARIEN');
INSERT INTO G_CIUDAD (CIUDAD, DEPARTAMENTO, PAIS, NOMBRE) VALUES ('001', '05', 'CO', 'MEDELLIN');
INSERT INTO G_CIUDAD (CIUDAD, DEPARTAMENTO, PAIS, NOMBRE) VALUES ('034', '05', 'CO', 'ANDES');
INSERT INTO G_CIUDAD (CIUDAD, DEPARTAMENTO, PAIS, NOMBRE) VALUES ('044', '05', 'CO', 'ANZA');
INSERT INTO G_CIUDAD (CIUDAD, DEPARTAMENTO, PAIS, NOMBRE) VALUES ('079', '05', 'CO', 'BARBOSA');
INSERT INTO G_CIUDAD (CIUDAD, DEPARTAMENTO, PAIS, NOMBRE) VALUES ('107', '05', 'CO', 'BRICEÑO');
INSERT INTO G_CIUDAD (CIUDAD, DEPARTAMENTO, PAIS, NOMBRE) VALUES ('138', '05', 'CO', 'CAÑASGORDAS');
INSERT INTO G_CIUDAD (CIUDAD, DEPARTAMENTO, PAIS, NOMBRE) VALUES ('190', '05', 'CO', 'CISNEROS');
INSERT INTO G_CIUDAD (CIUDAD, DEPARTAMENTO, PAIS, NOMBRE) VALUES ('237', '05', 'CO', 'DON MATIAS');
INSERT INTO G_CIUDAD (CIUDAD, DEPARTAMENTO, PAIS, NOMBRE) VALUES ('306', '05', 'CO', 'GIRALDO');
INSERT INTO G_CIUDAD (CIUDAD, DEPARTAMENTO, PAIS, NOMBRE) VALUES ('321', '05', 'CO', 'GUATAPE');
INSERT INTO G_CIUDAD (CIUDAD, DEPARTAMENTO, PAIS, NOMBRE) VALUES ('368', '05', 'CO', 'JERICO');
INSERT INTO G_CIUDAD (CIUDAD, DEPARTAMENTO, PAIS, NOMBRE) VALUES ('425', '05', 'CO', 'MACEO');
INSERT INTO G_CIUDAD (CIUDAD, DEPARTAMENTO, PAIS, NOMBRE) VALUES ('483', '05', 'CO', 'NARIÑO');
INSERT INTO G_CIUDAD (CIUDAD, DEPARTAMENTO, PAIS, NOMBRE) VALUES ('576', '05', 'CO', 'PUEBLORRICO');
INSERT INTO G_CIUDAD (CIUDAD, DEPARTAMENTO, PAIS, NOMBRE) VALUES ('628', '05', 'CO', 'SABANALARGA');
INSERT INTO G_CIUDAD (CIUDAD, DEPARTAMENTO, PAIS, NOMBRE) VALUES ('658', '05', 'CO', 'SAN JOSE DE LA MONTAÑA');
INSERT INTO G_CIUDAD (CIUDAD, DEPARTAMENTO, PAIS, NOMBRE) VALUES ('697', '05', 'CO', 'EL SANTUARIO');
INSERT INTO G_CIUDAD (CIUDAD, DEPARTAMENTO, PAIS, NOMBRE) VALUES ('819', '05', 'CO', 'TOLEDO');
INSERT INTO G_CIUDAD (CIUDAD, DEPARTAMENTO, PAIS, NOMBRE) VALUES ('858', '05', 'CO', 'VEGACHI');
INSERT INTO G_CIUDAD (CIUDAD, DEPARTAMENTO, PAIS, NOMBRE) VALUES ('893', '05', 'CO', 'YONDO');
INSERT INTO G_CIUDAD (CIUDAD, DEPARTAMENTO, PAIS, NOMBRE) VALUES ('141', '08', 'CO', 'CANDELARIA');
INSERT INTO G_CIUDAD (CIUDAD, DEPARTAMENTO, PAIS, NOMBRE) VALUES ('549', '08', 'CO', 'PIOJO');
INSERT INTO G_CIUDAD (CIUDAD, DEPARTAMENTO, PAIS, NOMBRE) VALUES ('634', '08', 'CO', 'SABANAGRANDE');
INSERT INTO G_CIUDAD (CIUDAD, DEPARTAMENTO, PAIS, NOMBRE) VALUES ('001', '11', 'CO', 'BOGOTA D.C.');
INSERT INTO G_CIUDAD (CIUDAD, DEPARTAMENTO, PAIS, NOMBRE) VALUES ('056', '13', 'CO', 'ARROYOGRANDE');
INSERT INTO G_CIUDAD (CIUDAD, DEPARTAMENTO, PAIS, NOMBRE) VALUES ('222', '13', 'CO', 'CLEMENCIA');
INSERT INTO G_CIUDAD (CIUDAD, DEPARTAMENTO, PAIS, NOMBRE) VALUES ('440', '13', 'CO', 'MARGARITA');
INSERT INTO G_CIUDAD (CIUDAD, DEPARTAMENTO, PAIS, NOMBRE) VALUES ('600', '13', 'CO', 'RIO VIEJO');
INSERT INTO G_CIUDAD (CIUDAD, DEPARTAMENTO, PAIS, NOMBRE) VALUES ('657', '13', 'CO', 'SAN JUAN NEPOMUCENO');
INSERT INTO G_CIUDAD (CIUDAD, DEPARTAMENTO, PAIS, NOMBRE) VALUES ('836', '13', 'CO', 'TURBACO');
INSERT INTO G_CIUDAD (CIUDAD, DEPARTAMENTO, PAIS, NOMBRE) VALUES ('047', '15', 'CO', 'AQUITANIA');
INSERT INTO G_CIUDAD (CIUDAD, DEPARTAMENTO, PAIS, NOMBRE) VALUES ('106', '15', 'CO', 'BRICEÑO');
INSERT INTO G_CIUDAD (CIUDAD, DEPARTAMENTO, PAIS, NOMBRE) VALUES ('172', '15', 'CO', 'CHINAVITA');
INSERT INTO G_CIUDAD (CIUDAD, DEPARTAMENTO, PAIS, NOMBRE) VALUES ('204', '15', 'CO', 'COMBITA');
INSERT INTO G_CIUDAD (CIUDAD, DEPARTAMENTO, PAIS, NOMBRE) VALUES ('226', '15', 'CO', 'CUITIVA');
INSERT INTO G_CIUDAD (CIUDAD, DEPARTAMENTO, PAIS, NOMBRE) VALUES ('272', '15', 'CO', 'FIRAVITOBA');
INSERT INTO G_CIUDAD (CIUDAD, DEPARTAMENTO, PAIS, NOMBRE) VALUES ('325', '15', 'CO', 'GUAYATA');
INSERT INTO G_CIUDAD (CIUDAD, DEPARTAMENTO, PAIS, NOMBRE) VALUES ('380', '15', 'CO', 'LA CAPILLA');
INSERT INTO G_CIUDAD (CIUDAD, DEPARTAMENTO, PAIS, NOMBRE) VALUES ('464', '15', 'CO', 'MONGUA');
INSERT INTO G_CIUDAD (CIUDAD, DEPARTAMENTO, PAIS, NOMBRE) VALUES ('491', '15', 'CO', 'NOBSA');
INSERT INTO G_CIUDAD (CIUDAD, DEPARTAMENTO, PAIS, NOMBRE) VALUES ('516', '15', 'CO', 'PAIPA');
INSERT INTO G_CIUDAD (CIUDAD, DEPARTAMENTO, PAIS, NOMBRE) VALUES ('537', '15', 'CO', 'PAZ DE RIO');
INSERT INTO G_CIUDAD (CIUDAD, DEPARTAMENTO, PAIS, NOMBRE) VALUES ('621', '15', 'CO', 'RONDON');
INSERT INTO G_CIUDAD (CIUDAD, DEPARTAMENTO, PAIS, NOMBRE) VALUES ('676', '15', 'CO', 'SAN MIGUEL DE SEMA');
INSERT INTO G_CIUDAD (CIUDAD, DEPARTAMENTO, PAIS, NOMBRE) VALUES ('755', '15', 'CO', 'SOCOTA');
INSERT INTO G_CIUDAD (CIUDAD, DEPARTAMENTO, PAIS, NOMBRE) VALUES ('430', '27', 'CO', 'MEDIO BAUDO');
INSERT INTO G_CIUDAD (CIUDAD, DEPARTAMENTO, PAIS, NOMBRE) VALUES ('660', '27', 'CO', 'SAN JOSE DEL PALMAR');
INSERT INTO G_CIUDAD (CIUDAD, DEPARTAMENTO, PAIS, NOMBRE) VALUES ('026', '41', 'CO', 'ALTAMIRA');
INSERT INTO G_CIUDAD (CIUDAD, DEPARTAMENTO, PAIS, NOMBRE) VALUES ('306', '41', 'CO', 'GIGANTE');
INSERT INTO G_CIUDAD (CIUDAD, DEPARTAMENTO, PAIS, NOMBRE) VALUES ('396', '41', 'CO', 'LA PLATA');
INSERT INTO G_CIUDAD (CIUDAD, DEPARTAMENTO, PAIS, NOMBRE) VALUES ('551', '41', 'CO', 'PITALITO');
INSERT INTO G_CIUDAD (CIUDAD, DEPARTAMENTO, PAIS, NOMBRE) VALUES ('791', '41', 'CO', 'TARQUI');
INSERT INTO G_CIUDAD (CIUDAD, DEPARTAMENTO, PAIS, NOMBRE) VALUES ('885', '41', 'CO', 'YAGUARA');
INSERT INTO G_CIUDAD (CIUDAD, DEPARTAMENTO, PAIS, NOMBRE) VALUES ('110', '44', 'CO', 'EL MOLINO');
INSERT INTO G_CIUDAD (CIUDAD, DEPARTAMENTO, PAIS, NOMBRE) VALUES ('650', '44', 'CO', 'SAN JUAN DEL CESAR');
INSERT INTO G_CIUDAD (CIUDAD, DEPARTAMENTO, PAIS, NOMBRE) VALUES ('189', '47', 'CO', 'CIENAGA');
INSERT INTO G_CIUDAD (CIUDAD, DEPARTAMENTO, PAIS, NOMBRE) VALUES ('318', '47', 'CO', 'GUAMAL');
INSERT INTO G_CIUDAD (CIUDAD, DEPARTAMENTO, PAIS, NOMBRE) VALUES ('570', '47', 'CO', 'PUEBLOVIEJO');
INSERT INTO G_CIUDAD (CIUDAD, DEPARTAMENTO, PAIS, NOMBRE) VALUES ('720', '47', 'CO', 'SANTA BARBARA DE PINTO');
INSERT INTO G_CIUDAD (CIUDAD, DEPARTAMENTO, PAIS, NOMBRE) VALUES ('226', '50', 'CO', 'CUMARAL');
INSERT INTO G_CIUDAD (CIUDAD, DEPARTAMENTO, PAIS, NOMBRE) VALUES ('318', '50', 'CO', 'GUAMAL');
INSERT INTO G_CIUDAD (CIUDAD, DEPARTAMENTO, PAIS, NOMBRE) VALUES ('450', '50', 'CO', 'PUERTO CONCORDIA');
INSERT INTO G_CIUDAD (CIUDAD, DEPARTAMENTO, PAIS, NOMBRE) VALUES ('689', '50', 'CO', 'SAN MARTIN');
INSERT INTO G_CIUDAD (CIUDAD, DEPARTAMENTO, PAIS, NOMBRE) VALUES ('079', '52', 'CO', 'BARBACOAS');
INSERT INTO G_CIUDAD (CIUDAD, DEPARTAMENTO, PAIS, NOMBRE) VALUES ('215', '52', 'CO', 'CORDOBA');
INSERT INTO G_CIUDAD (CIUDAD, DEPARTAMENTO, PAIS, NOMBRE) VALUES ('254', '52', 'CO', 'EL PEÑOL');
INSERT INTO G_CIUDAD (CIUDAD, DEPARTAMENTO, PAIS, NOMBRE) VALUES ('323', '52', 'CO', 'GUALMATAN');
INSERT INTO G_CIUDAD (CIUDAD, DEPARTAMENTO, PAIS, NOMBRE) VALUES ('385', '52', 'CO', 'LA LLANADA');
INSERT INTO G_CIUDAD (CIUDAD, DEPARTAMENTO, PAIS, NOMBRE) VALUES ('435', '52', 'CO', 'MALLAMA');
INSERT INTO G_CIUDAD (CIUDAD, DEPARTAMENTO, PAIS, NOMBRE) VALUES ('540', '52', 'CO', 'POLICARPA');
INSERT INTO G_CIUDAD (CIUDAD, DEPARTAMENTO, PAIS, NOMBRE) VALUES ('678', '52', 'CO', 'SAMANIEGO');
INSERT INTO G_CIUDAD (CIUDAD, DEPARTAMENTO, PAIS, NOMBRE) VALUES ('699', '52', 'CO', 'SANTA CRUZ');
INSERT INTO G_CIUDAD (CIUDAD, DEPARTAMENTO, PAIS, NOMBRE) VALUES ('885', '52', 'CO', 'YACUANQUER');
INSERT INTO G_CIUDAD (CIUDAD, DEPARTAMENTO, PAIS, NOMBRE) VALUES ('128', '54', 'CO', 'CACHIRA');
INSERT INTO G_CIUDAD (CIUDAD, DEPARTAMENTO, PAIS, NOMBRE) VALUES ('245', '54', 'CO', 'EL CARMEN');
INSERT INTO G_CIUDAD (CIUDAD, DEPARTAMENTO, PAIS, NOMBRE) VALUES ('385', '54', 'CO', 'LA ESPERANZA');
INSERT INTO G_CIUDAD (CIUDAD, DEPARTAMENTO, PAIS, NOMBRE) VALUES ('553', '54', 'CO', 'PUERTO SANTANDER');
INSERT INTO G_CIUDAD (CIUDAD, DEPARTAMENTO, PAIS, NOMBRE) VALUES ('810', '54', 'CO', 'TIBU');
INSERT INTO G_CIUDAD (CIUDAD, DEPARTAMENTO, PAIS, NOMBRE) VALUES ('111', '63', 'CO', 'BUENAVISTA');
INSERT INTO G_CIUDAD (CIUDAD, DEPARTAMENTO, PAIS, NOMBRE) VALUES ('470', '63', 'CO', 'MONTENEGRO');
INSERT INTO G_CIUDAD (CIUDAD, DEPARTAMENTO, PAIS, NOMBRE) VALUES ('088', '66', 'CO', 'BELEN DE UMBRIA');
INSERT INTO G_CIUDAD (CIUDAD, DEPARTAMENTO, PAIS, NOMBRE) VALUES ('594', '66', 'CO', 'QUINCHIA');
INSERT INTO G_CIUDAD (CIUDAD, DEPARTAMENTO, PAIS, NOMBRE) VALUES ('077', '68', 'CO', 'BARBOSA');
INSERT INTO G_CIUDAD (CIUDAD, DEPARTAMENTO, PAIS, NOMBRE) VALUES ('132', '68', 'CO', 'CALIFORNIA');
INSERT INTO G_CIUDAD (CIUDAD, DEPARTAMENTO, PAIS, NOMBRE) VALUES ('176', '68', 'CO', 'CHIMA');
INSERT INTO G_CIUDAD (CIUDAD, DEPARTAMENTO, PAIS, NOMBRE) VALUES ('217', '68', 'CO', 'COROMORO');
INSERT INTO G_CIUDAD (CIUDAD, DEPARTAMENTO, PAIS, NOMBRE) VALUES ('266', '68', 'CO', 'ENCISO');
INSERT INTO G_CIUDAD (CIUDAD, DEPARTAMENTO, PAIS, NOMBRE) VALUES ('320', '68', 'CO', 'GUADALUPE');
INSERT INTO G_CIUDAD (CIUDAD, DEPARTAMENTO, PAIS, NOMBRE) VALUES ('774', '15', 'CO', 'SUSACON');
INSERT INTO G_CIUDAD (CIUDAD, DEPARTAMENTO, PAIS, NOMBRE) VALUES ('806', '15', 'CO', 'TIBASOSA');
INSERT INTO G_CIUDAD (CIUDAD, DEPARTAMENTO, PAIS, NOMBRE) VALUES ('832', '15', 'CO', 'TUNUNGUA');
INSERT INTO G_CIUDAD (CIUDAD, DEPARTAMENTO, PAIS, NOMBRE) VALUES ('897', '15', 'CO', 'ZETAQUIRA');
INSERT INTO G_CIUDAD (CIUDAD, DEPARTAMENTO, PAIS, NOMBRE) VALUES ('272', '17', 'CO', 'FILADELFIA');
INSERT INTO G_CIUDAD (CIUDAD, DEPARTAMENTO, PAIS, NOMBRE) VALUES ('486', '17', 'CO', 'NEIRA');
INSERT INTO G_CIUDAD (CIUDAD, DEPARTAMENTO, PAIS, NOMBRE) VALUES ('616', '17', 'CO', 'RISARALDA');
INSERT INTO G_CIUDAD (CIUDAD, DEPARTAMENTO, PAIS, NOMBRE) VALUES ('001', '18', 'CO', 'FLORENCIA');
INSERT INTO G_CIUDAD (CIUDAD, DEPARTAMENTO, PAIS, NOMBRE) VALUES ('410', '18', 'CO', 'LA MONTAÑITA');
INSERT INTO G_CIUDAD (CIUDAD, DEPARTAMENTO, PAIS, NOMBRE) VALUES ('860', '18', 'CO', 'VALPARAISO');
INSERT INTO G_CIUDAD (CIUDAD, DEPARTAMENTO, PAIS, NOMBRE) VALUES ('130', '19', 'CO', 'CAJIBIO');
INSERT INTO G_CIUDAD (CIUDAD, DEPARTAMENTO, PAIS, NOMBRE) VALUES ('318', '19', 'CO', 'GUAPI');
INSERT INTO G_CIUDAD (CIUDAD, DEPARTAMENTO, PAIS, NOMBRE) VALUES ('450', '19', 'CO', 'MERCADERES');
INSERT INTO G_CIUDAD (CIUDAD, DEPARTAMENTO, PAIS, NOMBRE) VALUES ('585', '19', 'CO', 'PURACE');
INSERT INTO G_CIUDAD (CIUDAD, DEPARTAMENTO, PAIS, NOMBRE) VALUES ('743', '19', 'CO', 'SILVIA');
INSERT INTO G_CIUDAD (CIUDAD, DEPARTAMENTO, PAIS, NOMBRE) VALUES ('821', '19', 'CO', 'TORIBIO');
INSERT INTO G_CIUDAD (CIUDAD, DEPARTAMENTO, PAIS, NOMBRE) VALUES ('045', '20', 'CO', 'BECERRIL');
INSERT INTO G_CIUDAD (CIUDAD, DEPARTAMENTO, PAIS, NOMBRE) VALUES ('250', '20', 'CO', 'EL PASO');
INSERT INTO G_CIUDAD (CIUDAD, DEPARTAMENTO, PAIS, NOMBRE) VALUES ('550', '20', 'CO', 'PELAYA');
INSERT INTO G_CIUDAD (CIUDAD, DEPARTAMENTO, PAIS, NOMBRE) VALUES ('770', '20', 'CO', 'SAN MARTIN');
INSERT INTO G_CIUDAD (CIUDAD, DEPARTAMENTO, PAIS, NOMBRE) VALUES ('168', '23', 'CO', 'CHIMA');
INSERT INTO G_CIUDAD (CIUDAD, DEPARTAMENTO, PAIS, NOMBRE) VALUES ('419', '23', 'CO', 'LOS CORDOBAS');
INSERT INTO G_CIUDAD (CIUDAD, DEPARTAMENTO, PAIS, NOMBRE) VALUES ('586', '23', 'CO', 'PURISIMA');
INSERT INTO G_CIUDAD (CIUDAD, DEPARTAMENTO, PAIS, NOMBRE) VALUES ('807', '23', 'CO', 'TIERRALTA');
INSERT INTO G_CIUDAD (CIUDAD, DEPARTAMENTO, PAIS, NOMBRE) VALUES ('053', '25', 'CO', 'ARBELAEZ');
INSERT INTO G_CIUDAD (CIUDAD, DEPARTAMENTO, PAIS, NOMBRE) VALUES ('148', '25', 'CO', 'CAPARRAPI');
INSERT INTO G_CIUDAD (CIUDAD, DEPARTAMENTO, PAIS, NOMBRE) VALUES ('200', '25', 'CO', 'COGUA');
INSERT INTO G_CIUDAD (CIUDAD, DEPARTAMENTO, PAIS, NOMBRE) VALUES ('269', '25', 'CO', 'FACATATIVA');
INSERT INTO G_CIUDAD (CIUDAD, DEPARTAMENTO, PAIS, NOMBRE) VALUES ('295', '25', 'CO', 'GACHANCIPA');
INSERT INTO G_CIUDAD (CIUDAD, DEPARTAMENTO, PAIS, NOMBRE) VALUES ('322', '25', 'CO', 'GUASCA');
INSERT INTO G_CIUDAD (CIUDAD, DEPARTAMENTO, PAIS, NOMBRE) VALUES ('368', '25', 'CO', 'JERUSALEN');
INSERT INTO G_CIUDAD (CIUDAD, DEPARTAMENTO, PAIS, NOMBRE) VALUES ('407', '25', 'CO', 'LENGUAZAQUE');
INSERT INTO G_CIUDAD (CIUDAD, DEPARTAMENTO, PAIS, NOMBRE) VALUES ('488', '25', 'CO', 'NILO');
INSERT INTO G_CIUDAD (CIUDAD, DEPARTAMENTO, PAIS, NOMBRE) VALUES ('524', '25', 'CO', 'PANDI');
INSERT INTO G_CIUDAD (CIUDAD, DEPARTAMENTO, PAIS, NOMBRE) VALUES ('594', '25', 'CO', 'QUETAME');
INSERT INTO G_CIUDAD (CIUDAD, DEPARTAMENTO, PAIS, NOMBRE) VALUES ('653', '25', 'CO', 'SAN CAYETANO');
INSERT INTO G_CIUDAD (CIUDAD, DEPARTAMENTO, PAIS, NOMBRE) VALUES ('754', '25', 'CO', 'SOACHA');
INSERT INTO G_CIUDAD (CIUDAD, DEPARTAMENTO, PAIS, NOMBRE) VALUES ('785', '25', 'CO', 'TABIO');
INSERT INTO G_CIUDAD (CIUDAD, DEPARTAMENTO, PAIS, NOMBRE) VALUES ('807', '25', 'CO', 'TIBIRITA');
INSERT INTO G_CIUDAD (CIUDAD, DEPARTAMENTO, PAIS, NOMBRE) VALUES ('851', '25', 'CO', 'UTICA');
INSERT INTO G_CIUDAD (CIUDAD, DEPARTAMENTO, PAIS, NOMBRE) VALUES ('885', '25', 'CO', 'YACOPI');
INSERT INTO G_CIUDAD (CIUDAD, DEPARTAMENTO, PAIS, NOMBRE) VALUES ('073', '27', 'CO', 'BAGADO');
INSERT INTO G_CIUDAD (CIUDAD, DEPARTAMENTO, PAIS, NOMBRE) VALUES ('205', '27', 'CO', 'CONDOTO');
INSERT INTO G_CIUDAD (CIUDAD, DEPARTAMENTO, PAIS, NOMBRE) VALUES ('673', '68', 'CO', 'SAN BENITO');
INSERT INTO G_CIUDAD (CIUDAD, DEPARTAMENTO, PAIS, NOMBRE) VALUES ('705', '68', 'CO', 'SANTA BARBARA');
INSERT INTO G_CIUDAD (CIUDAD, DEPARTAMENTO, PAIS, NOMBRE) VALUES ('820', '68', 'CO', 'TONA');
INSERT INTO G_CIUDAD (CIUDAD, DEPARTAMENTO, PAIS, NOMBRE) VALUES ('895', '68', 'CO', 'ZAPATOCA');
INSERT INTO G_CIUDAD (CIUDAD, DEPARTAMENTO, PAIS, NOMBRE) VALUES ('215', '70', 'CO', 'COROZAL');
INSERT INTO G_CIUDAD (CIUDAD, DEPARTAMENTO, PAIS, NOMBRE) VALUES ('400', '70', 'CO', 'LA UNION');
INSERT INTO G_CIUDAD (CIUDAD, DEPARTAMENTO, PAIS, NOMBRE) VALUES ('670', '70', 'CO', 'SAMPUES');
INSERT INTO G_CIUDAD (CIUDAD, DEPARTAMENTO, PAIS, NOMBRE) VALUES ('717', '70', 'CO', 'SAN PEDRO');
INSERT INTO G_CIUDAD (CIUDAD, DEPARTAMENTO, PAIS, NOMBRE) VALUES ('024', '73', 'CO', 'ALPUJARRA');
INSERT INTO G_CIUDAD (CIUDAD, DEPARTAMENTO, PAIS, NOMBRE) VALUES ('124', '73', 'CO', 'CAJAMARCA');
INSERT INTO G_CIUDAD (CIUDAD, DEPARTAMENTO, PAIS, NOMBRE) VALUES ('226', '73', 'CO', 'CUNDAY');
INSERT INTO G_CIUDAD (CIUDAD, DEPARTAMENTO, PAIS, NOMBRE) VALUES ('283', '73', 'CO', 'FRESNO');
INSERT INTO G_CIUDAD (CIUDAD, DEPARTAMENTO, PAIS, NOMBRE) VALUES ('411', '73', 'CO', 'LIBANO');
INSERT INTO G_CIUDAD (CIUDAD, DEPARTAMENTO, PAIS, NOMBRE) VALUES ('504', '73', 'CO', 'ORTEGA');
INSERT INTO G_CIUDAD (CIUDAD, DEPARTAMENTO, PAIS, NOMBRE) VALUES ('585', '73', 'CO', 'PURIFICACION');
INSERT INTO G_CIUDAD (CIUDAD, DEPARTAMENTO, PAIS, NOMBRE) VALUES ('686', '73', 'CO', 'SANTA ISABEL');
INSERT INTO G_CIUDAD (CIUDAD, DEPARTAMENTO, PAIS, NOMBRE) VALUES ('020', '76', 'CO', 'ALCALA');
INSERT INTO G_CIUDAD (CIUDAD, DEPARTAMENTO, PAIS, NOMBRE) VALUES ('109', '76', 'CO', 'BUENAVENTURA');
INSERT INTO G_CIUDAD (CIUDAD, DEPARTAMENTO, PAIS, NOMBRE) VALUES ('233', '76', 'CO', 'DAGUA');
INSERT INTO G_CIUDAD (CIUDAD, DEPARTAMENTO, PAIS, NOMBRE) VALUES ('275', '76', 'CO', 'FLORIDA');
INSERT INTO G_CIUDAD (CIUDAD, DEPARTAMENTO, PAIS, NOMBRE) VALUES ('400', '76', 'CO', 'LA UNION');
INSERT INTO G_CIUDAD (CIUDAD, DEPARTAMENTO, PAIS, NOMBRE) VALUES ('616', '76', 'CO', 'RIOFRIO');
INSERT INTO G_CIUDAD (CIUDAD, DEPARTAMENTO, PAIS, NOMBRE) VALUES ('828', '76', 'CO', 'TRUJILLO');
INSERT INTO G_CIUDAD (CIUDAD, DEPARTAMENTO, PAIS, NOMBRE) VALUES ('892', '76', 'CO', 'YUMBO');
INSERT INTO G_CIUDAD (CIUDAD, DEPARTAMENTO, PAIS, NOMBRE) VALUES ('300', '81', 'CO', 'FORTUL');
INSERT INTO G_CIUDAD (CIUDAD, DEPARTAMENTO, PAIS, NOMBRE) VALUES ('010', '85', 'CO', 'AGUAZUL');
INSERT INTO G_CIUDAD (CIUDAD, DEPARTAMENTO, PAIS, NOMBRE) VALUES ('225', '85', 'CO', 'NUNCHIA');
INSERT INTO G_CIUDAD (CIUDAD, DEPARTAMENTO, PAIS, NOMBRE) VALUES ('300', '85', 'CO', 'SABANALARGA');
INSERT INTO G_CIUDAD (CIUDAD, DEPARTAMENTO, PAIS, NOMBRE) VALUES ('001', '86', 'CO', 'MOCOA');
INSERT INTO G_CIUDAD (CIUDAD, DEPARTAMENTO, PAIS, NOMBRE) VALUES ('571', '86', 'CO', 'PUERTO GUZMAN');
INSERT INTO G_CIUDAD (CIUDAD, DEPARTAMENTO, PAIS, NOMBRE) VALUES ('885', '86', 'CO', 'VILLAGARZON');
INSERT INTO G_CIUDAD (CIUDAD, DEPARTAMENTO, PAIS, NOMBRE) VALUES ('407', '91', 'CO', 'LA PEDRERA');
INSERT INTO G_CIUDAD (CIUDAD, DEPARTAMENTO, PAIS, NOMBRE) VALUES ('798', '91', 'CO', 'TARAPACA');
INSERT INTO G_CIUDAD (CIUDAD, DEPARTAMENTO, PAIS, NOMBRE) VALUES ('884', '94', 'CO', 'PUERTO COLOMBIA');
INSERT INTO G_CIUDAD (CIUDAD, DEPARTAMENTO, PAIS, NOMBRE) VALUES ('200', '95', 'CO', 'MIRAFLORES');
INSERT INTO G_CIUDAD (CIUDAD, DEPARTAMENTO, PAIS, NOMBRE) VALUES ('889', '97', 'CO', 'YAVARATE');
INSERT INTO G_CIUDAD (CIUDAD, DEPARTAMENTO, PAIS, NOMBRE) VALUES ('030', '05', 'CO', 'AMAGA');
INSERT INTO G_CIUDAD (CIUDAD, DEPARTAMENTO, PAIS, NOMBRE) VALUES ('042', '05', 'CO', 'SANTAFE DE ANTIOQUIA');
INSERT INTO G_CIUDAD (CIUDAD, DEPARTAMENTO, PAIS, NOMBRE) VALUES ('101', '05', 'CO', 'CIUDAD BOLIVAR');
INSERT INTO G_CIUDAD (CIUDAD, DEPARTAMENTO, PAIS, NOMBRE) VALUES ('145', '05', 'CO', 'CARAMANTA');
INSERT INTO G_CIUDAD (CIUDAD, DEPARTAMENTO, PAIS, NOMBRE) VALUES ('197', '05', 'CO', 'COCORNA');
INSERT INTO G_CIUDAD (CIUDAD, DEPARTAMENTO, PAIS, NOMBRE) VALUES ('240', '05', 'CO', 'EBEJICO');
INSERT INTO G_CIUDAD (CIUDAD, DEPARTAMENTO, PAIS, NOMBRE) VALUES ('308', '05', 'CO', 'GIRARDOTA');
INSERT INTO G_CIUDAD (CIUDAD, DEPARTAMENTO, PAIS, NOMBRE) VALUES ('353', '05', 'CO', 'HISPANIA');
INSERT INTO G_CIUDAD (CIUDAD, DEPARTAMENTO, PAIS, NOMBRE) VALUES ('390', '05', 'CO', 'LA PINTADA');
INSERT INTO G_CIUDAD (CIUDAD, DEPARTAMENTO, PAIS, NOMBRE) VALUES ('480', '05', 'CO', 'MUTATA');
INSERT INTO G_CIUDAD (CIUDAD, DEPARTAMENTO, PAIS, NOMBRE) VALUES ('543', '05', 'CO', 'PEQUE');
INSERT INTO G_CIUDAD (CIUDAD, DEPARTAMENTO, PAIS, NOMBRE) VALUES ('607', '05', 'CO', 'RETIRO');
INSERT INTO G_CIUDAD (CIUDAD, DEPARTAMENTO, PAIS, NOMBRE) VALUES ('649', '05', 'CO', 'SAN CARLOS');
INSERT INTO G_CIUDAD (CIUDAD, DEPARTAMENTO, PAIS, NOMBRE) VALUES ('667', '05', 'CO', 'SAN RAFAEL');
INSERT INTO G_CIUDAD (CIUDAD, DEPARTAMENTO, PAIS, NOMBRE) VALUES ('736', '05', 'CO', 'SEGOVIA');
INSERT INTO G_CIUDAD (CIUDAD, DEPARTAMENTO, PAIS, NOMBRE) VALUES ('792', '05', 'CO', 'TARSO');
INSERT INTO G_CIUDAD (CIUDAD, DEPARTAMENTO, PAIS, NOMBRE) VALUES ('854', '05', 'CO', 'VALDIVIA');
INSERT INTO G_CIUDAD (CIUDAD, DEPARTAMENTO, PAIS, NOMBRE) VALUES ('890', '05', 'CO', 'YOLOMBO');
INSERT INTO G_CIUDAD (CIUDAD, DEPARTAMENTO, PAIS, NOMBRE) VALUES ('372', '08', 'CO', 'JUAN DE ACOSTA');
INSERT INTO G_CIUDAD (CIUDAD, DEPARTAMENTO, PAIS, NOMBRE) VALUES ('573', '08', 'CO', 'PUERTO COLOMBIA');
INSERT INTO G_CIUDAD (CIUDAD, DEPARTAMENTO, PAIS, NOMBRE) VALUES ('832', '08', 'CO', 'TUBARA');
INSERT INTO G_CIUDAD (CIUDAD, DEPARTAMENTO, PAIS, NOMBRE) VALUES ('052', '13', 'CO', 'ARJONA');
INSERT INTO G_CIUDAD (CIUDAD, DEPARTAMENTO, PAIS, NOMBRE) VALUES ('188', '13', 'CO', 'CICUCO');
INSERT INTO G_CIUDAD (CIUDAD, DEPARTAMENTO, PAIS, NOMBRE) VALUES ('300', '13', 'CO', 'HATILLO DE LOBA');
INSERT INTO G_CIUDAD (CIUDAD, DEPARTAMENTO, PAIS, NOMBRE) VALUES ('580', '13', 'CO', 'REGIDOR');
INSERT INTO G_CIUDAD (CIUDAD, DEPARTAMENTO, PAIS, NOMBRE) VALUES ('655', '13', 'CO', 'SAN JACINTO DEL CAUCA');
INSERT INTO G_CIUDAD (CIUDAD, DEPARTAMENTO, PAIS, NOMBRE) VALUES ('810', '13', 'CO', 'TIQUISIO');
INSERT INTO G_CIUDAD (CIUDAD, DEPARTAMENTO, PAIS, NOMBRE) VALUES ('051', '15', 'CO', 'ARCABUCO');
INSERT INTO G_CIUDAD (CIUDAD, DEPARTAMENTO, PAIS, NOMBRE) VALUES ('109', '15', 'CO', 'BUENAVISTA');
INSERT INTO G_CIUDAD (CIUDAD, DEPARTAMENTO, PAIS, NOMBRE) VALUES ('180', '15', 'CO', 'CHISCAS');
INSERT INTO G_CIUDAD (CIUDAD, DEPARTAMENTO, PAIS, NOMBRE) VALUES ('212', '15', 'CO', 'COPER');
INSERT INTO G_CIUDAD (CIUDAD, DEPARTAMENTO, PAIS, NOMBRE) VALUES ('232', '15', 'CO', 'CHIQUIZA');
INSERT INTO G_CIUDAD (CIUDAD, DEPARTAMENTO, PAIS, NOMBRE) VALUES ('293', '15', 'CO', 'GACHANTIVA');
INSERT INTO G_CIUDAD (CIUDAD, DEPARTAMENTO, PAIS, NOMBRE) VALUES ('362', '15', 'CO', 'IZA');
INSERT INTO G_CIUDAD (CIUDAD, DEPARTAMENTO, PAIS, NOMBRE) VALUES ('403', '15', 'CO', 'LA UVITA');
INSERT INTO G_CIUDAD (CIUDAD, DEPARTAMENTO, PAIS, NOMBRE) VALUES ('469', '15', 'CO', 'MONIQUIRA');
INSERT INTO G_CIUDAD (CIUDAD, DEPARTAMENTO, PAIS, NOMBRE) VALUES ('511', '15', 'CO', 'PACHAVITA');
INSERT INTO G_CIUDAD (CIUDAD, DEPARTAMENTO, PAIS, NOMBRE) VALUES ('542', '15', 'CO', 'PESCA');
INSERT INTO G_CIUDAD (CIUDAD, DEPARTAMENTO, PAIS, NOMBRE) VALUES ('600', '15', 'CO', 'RAQUIRA');
INSERT INTO G_CIUDAD (CIUDAD, DEPARTAMENTO, PAIS, NOMBRE) VALUES ('673', '15', 'CO', 'SAN MATEO');
INSERT INTO G_CIUDAD (CIUDAD, DEPARTAMENTO, PAIS, NOMBRE) VALUES ('723', '15', 'CO', 'SATIVASUR');
INSERT INTO G_CIUDAD (CIUDAD, DEPARTAMENTO, PAIS, NOMBRE) VALUES ('580', '27', 'CO', 'RIO IRO');
INSERT INTO G_CIUDAD (CIUDAD, DEPARTAMENTO, PAIS, NOMBRE) VALUES ('810', '27', 'CO', 'UNION PANAMERICANA');
INSERT INTO G_CIUDAD (CIUDAD, DEPARTAMENTO, PAIS, NOMBRE) VALUES ('206', '41', 'CO', 'COLOMBIA');
INSERT INTO G_CIUDAD (CIUDAD, DEPARTAMENTO, PAIS, NOMBRE) VALUES ('359', '41', 'CO', 'ISNOS');
INSERT INTO G_CIUDAD (CIUDAD, DEPARTAMENTO, PAIS, NOMBRE) VALUES ('524', '41', 'CO', 'PALERMO');
INSERT INTO G_CIUDAD (CIUDAD, DEPARTAMENTO, PAIS, NOMBRE) VALUES ('668', '41', 'CO', 'SAN AGUSTIN');
INSERT INTO G_CIUDAD (CIUDAD, DEPARTAMENTO, PAIS, NOMBRE) VALUES ('872', '41', 'CO', 'VILLAVIEJA');
INSERT INTO G_CIUDAD (CIUDAD, DEPARTAMENTO, PAIS, NOMBRE) VALUES ('279', '44', 'CO', 'FONSECA');
INSERT INTO G_CIUDAD (CIUDAD, DEPARTAMENTO, PAIS, NOMBRE) VALUES ('855', '44', 'CO', 'URUMITA');
INSERT INTO G_CIUDAD (CIUDAD, DEPARTAMENTO, PAIS, NOMBRE) VALUES ('058', '47', 'CO', 'ARIGUANI');
INSERT INTO G_CIUDAD (CIUDAD, DEPARTAMENTO, PAIS, NOMBRE) VALUES ('268', '47', 'CO', 'EL RETEN');
INSERT INTO G_CIUDAD (CIUDAD, DEPARTAMENTO, PAIS, NOMBRE) VALUES ('555', '47', 'CO', 'PLATO');
INSERT INTO G_CIUDAD (CIUDAD, DEPARTAMENTO, PAIS, NOMBRE) VALUES ('703', '47', 'CO', 'SAN ZENON');
INSERT INTO G_CIUDAD (CIUDAD, DEPARTAMENTO, PAIS, NOMBRE) VALUES ('001', '50', 'CO', 'VILLAVICENCIO');
INSERT INTO G_CIUDAD (CIUDAD, DEPARTAMENTO, PAIS, NOMBRE) VALUES ('251', '50', 'CO', 'EL CASTILLO');
INSERT INTO G_CIUDAD (CIUDAD, DEPARTAMENTO, PAIS, NOMBRE) VALUES ('350', '50', 'CO', 'LA MACARENA');
INSERT INTO G_CIUDAD (CIUDAD, DEPARTAMENTO, PAIS, NOMBRE) VALUES ('606', '50', 'CO', 'RESTREPO');
INSERT INTO G_CIUDAD (CIUDAD, DEPARTAMENTO, PAIS, NOMBRE) VALUES ('001', '52', 'CO', 'PASTO');
INSERT INTO G_CIUDAD (CIUDAD, DEPARTAMENTO, PAIS, NOMBRE) VALUES ('083', '52', 'CO', 'BELEN');
INSERT INTO G_CIUDAD (CIUDAD, DEPARTAMENTO, PAIS, NOMBRE) VALUES ('224', '52', 'CO', 'CUASPUD');
INSERT INTO G_CIUDAD (CIUDAD, DEPARTAMENTO, PAIS, NOMBRE) VALUES ('258', '52', 'CO', 'EL TABLON DE GOMEZ');
INSERT INTO G_CIUDAD (CIUDAD, DEPARTAMENTO, PAIS, NOMBRE) VALUES ('378', '52', 'CO', 'LA CRUZ');
INSERT INTO G_CIUDAD (CIUDAD, DEPARTAMENTO, PAIS, NOMBRE) VALUES ('418', '52', 'CO', 'LOS ANDES');
INSERT INTO G_CIUDAD (CIUDAD, DEPARTAMENTO, PAIS, NOMBRE) VALUES ('520', '52', 'CO', 'FRANCISCO PIZARRO');
INSERT INTO G_CIUDAD (CIUDAD, DEPARTAMENTO, PAIS, NOMBRE) VALUES ('685', '52', 'CO', 'SAN BERNARDO');
INSERT INTO G_CIUDAD (CIUDAD, DEPARTAMENTO, PAIS, NOMBRE) VALUES ('786', '52', 'CO', 'TAMINANGO');
INSERT INTO G_CIUDAD (CIUDAD, DEPARTAMENTO, PAIS, NOMBRE) VALUES ('051', '54', 'CO', 'ARBOLEDAS');
INSERT INTO G_CIUDAD (CIUDAD, DEPARTAMENTO, PAIS, NOMBRE) VALUES ('206', '54', 'CO', 'CONVENCION');
INSERT INTO G_CIUDAD (CIUDAD, DEPARTAMENTO, PAIS, NOMBRE) VALUES ('347', '54', 'CO', 'HERRAN');
INSERT INTO G_CIUDAD (CIUDAD, DEPARTAMENTO, PAIS, NOMBRE) VALUES ('480', '54', 'CO', 'MUTISCUA');
INSERT INTO G_CIUDAD (CIUDAD, DEPARTAMENTO, PAIS, NOMBRE) VALUES ('670', '54', 'CO', 'SAN CALIXTO');
INSERT INTO G_CIUDAD (CIUDAD, DEPARTAMENTO, PAIS, NOMBRE) VALUES ('820', '54', 'CO', 'TOLEDO');
INSERT INTO G_CIUDAD (CIUDAD, DEPARTAMENTO, PAIS, NOMBRE) VALUES ('190', '63', 'CO', 'CIRCASIA');
INSERT INTO G_CIUDAD (CIUDAD, DEPARTAMENTO, PAIS, NOMBRE) VALUES ('594', '63', 'CO', 'QUIMBAYA');
INSERT INTO G_CIUDAD (CIUDAD, DEPARTAMENTO, PAIS, NOMBRE) VALUES ('318', '66', 'CO', 'GUATICA');
INSERT INTO G_CIUDAD (CIUDAD, DEPARTAMENTO, PAIS, NOMBRE) VALUES ('572', '66', 'CO', 'PUEBLO RICO');
INSERT INTO G_CIUDAD (CIUDAD, DEPARTAMENTO, PAIS, NOMBRE) VALUES ('079', '68', 'CO', 'BARICHARA');
INSERT INTO G_CIUDAD (CIUDAD, DEPARTAMENTO, PAIS, NOMBRE) VALUES ('152', '68', 'CO', 'CARCASI');
INSERT INTO G_CIUDAD (CIUDAD, DEPARTAMENTO, PAIS, NOMBRE) VALUES ('179', '68', 'CO', 'CHIPATA');
INSERT INTO G_CIUDAD (CIUDAD, DEPARTAMENTO, PAIS, NOMBRE) VALUES ('245', '68', 'CO', 'EL GUACAMAYO');
INSERT INTO G_CIUDAD (CIUDAD, DEPARTAMENTO, PAIS, NOMBRE) VALUES ('318', '68', 'CO', 'GUACA');

INSERT INTO CO_BANCO (BANCO, NOMBRE) VALUES ('00', 'BANCO DE LA REPUBLICA');
INSERT INTO CO_BANCO (BANCO, NOMBRE) VALUES ('01', 'BANCO DE BOGOTA');
INSERT INTO CO_BANCO (BANCO, NOMBRE) VALUES ('02', 'BANCO POPULAR');
INSERT INTO CO_BANCO (BANCO, NOMBRE) VALUES ('06', 'BANCO SANTANDER');
INSERT INTO CO_BANCO (BANCO, NOMBRE) VALUES ('07', 'BANCOLOMBIA');
INSERT INTO CO_BANCO (BANCO, NOMBRE) VALUES ('08', 'ABN AMRO BANK');
INSERT INTO CO_BANCO (BANCO, NOMBRE) VALUES ('09', 'BANCO CITIBANK');
INSERT INTO CO_BANCO (BANCO, NOMBRE) VALUES ('10', 'LLOYDS TSB BANK');
INSERT INTO CO_BANCO (BANCO, NOMBRE) VALUES ('12', 'BANCO SUDAMERIS');
INSERT INTO CO_BANCO (BANCO, NOMBRE) VALUES ('13', 'BBVA - BANCO GANADERO');
INSERT INTO CO_BANCO (BANCO, NOMBRE) VALUES ('14', 'HELM BANK');
INSERT INTO CO_BANCO (BANCO, NOMBRE) VALUES ('19', 'RED MULTIBANCA COLPATRIA');
INSERT INTO CO_BANCO (BANCO, NOMBRE) VALUES ('23', 'BANCO DE OCCIDENTE');
INSERT INTO CO_BANCO (BANCO, NOMBRE) VALUES ('28', 'CORREVAL PAL');
INSERT INTO CO_BANCO (BANCO, NOMBRE) VALUES ('32', 'BANCO CAJA SOCIAL');
INSERT INTO CO_BANCO (BANCO, NOMBRE) VALUES ('40', 'BANCO AGRARIO');
INSERT INTO CO_BANCO (BANCO, NOMBRE) VALUES ('50', 'GRANBANCO');
INSERT INTO CO_BANCO (BANCO, NOMBRE) VALUES ('51', 'BANCO DAVIVIENDA');
INSERT INTO CO_BANCO (BANCO, NOMBRE) VALUES ('52', 'BANCO AV VILLAS');
INSERT INTO CO_BANCO (BANCO, NOMBRE) VALUES ('57', 'BANCO COLMENA');
INSERT INTO CO_BANCO (BANCO, NOMBRE) VALUES ('58', 'BANCO PROCREDIT');
INSERT INTO CO_BANCO (BANCO, NOMBRE) VALUES ('61', 'COOMEVA');
INSERT INTO CO_BANCO (BANCO, NOMBRE) VALUES ('93', 'CORREVAL');
INSERT INTO CO_BANCO (BANCO, NOMBRE) VALUES ('94', 'Banco Uniandes');
INSERT INTO CO_BANCO (BANCO, NOMBRE) VALUES ('9999', 'Compras tarjeta de credito');
INSERT INTO CO_BANCO (BANCO, NOMBRE) VALUES ('COL02', 'Bancolombia');
INSERT INTO CO_BANCO (BANCO, NOMBRE) VALUES ('O1', 'BANCO DE BOGOTA');

INSERT INTO CO_DEPENDENCIA (DEPENDENCIA, NOMBRE) VALUES ('ADMI', 'FACULTAD DE ADMINISTRACIÓN');
INSERT INTO CO_DEPENDENCIA (DEPENDENCIA, NOMBRE) VALUES ('ARDI', 'FACULTAD DE ARQUITECTURA Y DISEÑO');
INSERT INTO CO_DEPENDENCIA (DEPENDENCIA, NOMBRE, DEPENDENCIAPADRE) VALUES ('ARQUI', 'DEPARTAMENTO DE ARQUITECTURA', 'ARDI');
INSERT INTO CO_DEPENDENCIA (DEPENDENCIA, NOMBRE, DEPENDENCIAPADRE) VALUES ('DISE', 'DEPARTAMENTO DE DISEÑO', 'ARDI');
INSERT INTO CO_DEPENDENCIA (DEPENDENCIA, NOMBRE, DEPENDENCIAPADRE) VALUES ('CIFAD', 'CENTRO DE INVESTIGACIÓN DE LA FACULTAD DE ARQUITECTURA Y DISEÑO', 'ARDI');
INSERT INTO CO_DEPENDENCIA (DEPENDENCIA, NOMBRE) VALUES ('ARHU', 'FACULTAD DE ARTES Y HUMANIDADES');
INSERT INTO CO_DEPENDENCIA (DEPENDENCIA, NOMBRE, DEPENDENCIAPADRE) VALUES ('ARTE', 'DEPARTAMENTO DE ARTE', 'ARHU');
INSERT INTO CO_DEPENDENCIA (DEPENDENCIA, NOMBRE, DEPENDENCIAPADRE) VALUES ('HULIT', 'DEPARTAMENTO DE HUMANIDADES Y LITERATURA', 'ARHU');
INSERT INTO CO_DEPENDENCIA (DEPENDENCIA, NOMBRE, DEPENDENCIAPADRE) VALUES ('MUSI', 'DEPARTAMENTO DE MÚSICA', 'ARHU');
INSERT INTO CO_DEPENDENCIA (DEPENDENCIA, NOMBRE, DEPENDENCIAPADRE) VALUES ('CEPER', 'CENTRO DE ESTUDIOS DE PERIODISMO', 'ARHU');
INSERT INTO CO_DEPENDENCIA (DEPENDENCIA, NOMBRE) VALUES ('CIEN', 'FACULTAD DE CIENCIAS');
INSERT INTO CO_DEPENDENCIA (DEPENDENCIA, NOMBRE, DEPENDENCIAPADRE) VALUES ('CBIO', 'DEPARTAMENTO DE CIENCIAS BIOLÓGICAS', 'CIEN');
INSERT INTO CO_DEPENDENCIA (DEPENDENCIA, NOMBRE, DEPENDENCIAPADRE) VALUES ('FISI', 'DEPARTAMENTO DE FÍSICA', 'CIEN');
INSERT INTO CO_DEPENDENCIA (DEPENDENCIA, NOMBRE, DEPENDENCIAPADRE) VALUES ('MATE', 'DEPARTAMENTO DE MATEMÁTICAS', 'CIEN');
INSERT INTO CO_DEPENDENCIA (DEPENDENCIA, NOMBRE, DEPENDENCIAPADRE) VALUES ('QUIM', 'DEPARTAMENTO DE QUÍMICA', 'CIEN');
INSERT INTO CO_DEPENDENCIA (DEPENDENCIA, NOMBRE, DEPENDENCIAPADRE) VALUES ('GEOC', 'DEPARTAMENTO DE GEOCIENCIAS', 'CIEN');
INSERT INTO CO_DEPENDENCIA (DEPENDENCIA, NOMBRE) VALUES ('CISO', 'FACULTAD DE CIENCIAS SOCIALES');
INSERT INTO CO_DEPENDENCIA (DEPENDENCIA, NOMBRE, DEPENDENCIAPADRE) VALUES ('ANTR', 'DEPARTAMENTO DE ANTROPOLOGÍA', 'CISO');
INSERT INTO CO_DEPENDENCIA (DEPENDENCIA, NOMBRE, DEPENDENCIAPADRE) VALUES ('CPOL', 'DEPARTAMENTO DE CIENCIA POLÍTICA', 'CISO');
INSERT INTO CO_DEPENDENCIA (DEPENDENCIA, NOMBRE, DEPENDENCIAPADRE) VALUES ('FILO', 'DEPARTAMENTO DE FILOSOFÍA', 'CISO');
INSERT INTO CO_DEPENDENCIA (DEPENDENCIA, NOMBRE, DEPENDENCIAPADRE) VALUES ('HIST', 'DEPARTAMENTO DE HISTORIA', 'CISO');
INSERT INTO CO_DEPENDENCIA (DEPENDENCIA, NOMBRE, DEPENDENCIAPADRE) VALUES ('LENG', 'DEPARTAMENTO DE LENGUAJES Y ESTUDIOS SOCIOCULTURALES', 'CISO');
INSERT INTO CO_DEPENDENCIA (DEPENDENCIA, NOMBRE, DEPENDENCIAPADRE) VALUES ('PSIC', 'DEPARTAMENTO DE PSICOLOGÍA', 'CISO');
INSERT INTO CO_DEPENDENCIA (DEPENDENCIA, NOMBRE, DEPENDENCIAPADRE) VALUES ('CESO', 'CENTRO DE ESTUDIOS SOCIOCULTURALES E INTERNACIONALES', 'CISO');
INSERT INTO CO_DEPENDENCIA (DEPENDENCIA, NOMBRE) VALUES ('DERE', 'FACULTAD DE DERECHO');
INSERT INTO CO_DEPENDENCIA (DEPENDENCIA, NOMBRE, DEPENDENCIAPADRE) VALUES ('CIJUS', 'CENTRO DE INVESTIGACIONES SOCIO-JURÍDICAS ', 'DERE');
INSERT INTO CO_DEPENDENCIA (DEPENDENCIA, NOMBRE, DEPENDENCIAPADRE) VALUES ('CJU', 'CONSULTORIO JURÍDICO', 'DERE');
INSERT INTO CO_DEPENDENCIA (DEPENDENCIA, NOMBRE) VALUES ('ECON', 'FACULTAD DE ECONOMÍA');
INSERT INTO CO_DEPENDENCIA (DEPENDENCIA, NOMBRE, DEPENDENCIAPADRE) VALUES ('CEDE', 'CENTRO ESTUDIOS SOBRE DESARROLLO ECONÓMICO', 'ECON');
INSERT INTO CO_DEPENDENCIA (DEPENDENCIA, NOMBRE) VALUES ('INGE', 'FACULTAD DE INGENIERÍA');
INSERT INTO CO_DEPENDENCIA (DEPENDENCIA, NOMBRE, DEPENDENCIAPADRE) VALUES ('ICIV', 'DEPARTAMENTO DE INGENIERÍA CIVIL Y AMBIENTAL', 'INGE');
INSERT INTO CO_DEPENDENCIA (DEPENDENCIA, NOMBRE, DEPENDENCIAPADRE) VALUES ('IELE', 'DEPARTAMENTO DE INGENIERÍA ELÉCTRICA Y ELECTRÓNICA', 'INGE');
INSERT INTO CO_DEPENDENCIA (DEPENDENCIA, NOMBRE, DEPENDENCIAPADRE) VALUES ('IIND', 'DEPARTAMENTO DE INGENIERÍA INDUSTRIAL', 'INGE');
INSERT INTO CO_DEPENDENCIA (DEPENDENCIA, NOMBRE, DEPENDENCIAPADRE) VALUES ('IMEC', 'DEPARTAMENTO DE INGENIERÍA MECÁNICA', 'INGE');
INSERT INTO CO_DEPENDENCIA (DEPENDENCIA, NOMBRE, DEPENDENCIAPADRE) VALUES ('IQUI', 'DEPARTAMENTO DE INGENIERÍA QUÍMICA', 'INGE');
INSERT INTO CO_DEPENDENCIA (DEPENDENCIA, NOMBRE, DEPENDENCIAPADRE) VALUES ('ISIS', 'DEPARTAMENTO DE INGENIERÍA DE SISTEMAS Y COMPUTACIÓN', 'INGE');
INSERT INTO CO_DEPENDENCIA (DEPENDENCIA, NOMBRE, DEPENDENCIAPADRE) VALUES ('MOX', 'CENTRO DE COMPUTACIÓN AVANZADA', 'INGE');
INSERT INTO CO_DEPENDENCIA (DEPENDENCIA, NOMBRE, DEPENDENCIAPADRE) VALUES ('CITEC', 'CENTRO DE INNOVACIÓN TECNOLÓGICA Y DESARROLLO', 'INGE');
INSERT INTO CO_DEPENDENCIA (DEPENDENCIA, NOMBRE, DEPENDENCIAPADRE) VALUES ('CIFI', 'CENTRO DE INVESTIGACIÓN DE LA FACULTAD DE INGENIERÍA', 'INGE');
INSERT INTO CO_DEPENDENCIA (DEPENDENCIA, NOMBRE) VALUES ('MEDI', 'FACULTAD DE MEDICINA');
INSERT INTO CO_DEPENDENCIA (DEPENDENCIA, NOMBRE) VALUES ('CIDER', 'CENTRO INTERDISCIPLINARIO DE ESTUDIOS SOBRE DESARROLLO ');
INSERT INTO CO_DEPENDENCIA (DEPENDENCIA, NOMBRE) VALUES ('EGOB', 'ESCUELA DE GOBIERNO');
INSERT INTO CO_DEPENDENCIA (DEPENDENCIA, NOMBRE) VALUES ('CIFE', 'CENTRO DE INVESTIGACIÓN Y FORMACIÓN EN EDUCACIÓN (CIFE)');
INSERT INTO CO_DEPENDENCIA (DEPENDENCIA, NOMBRE) VALUES ('DEB', 'DECANATURA DE ESTUDIANTES');

INSERT INTO CO_TIPOMONITOR (NOMBRE) VALUES ('Monitor en Docencia');
INSERT INTO CO_TIPOMONITOR (NOMBRE) VALUES ('Monitor en Investigación');
INSERT INTO CO_TIPOMONITOR (NOMBRE, MINVALORHORA, MAXVALORHORA) VALUES ('Monitor Practicante', 20000, 20000);
INSERT INTO CO_TIPOMONITOR (NOMBRE, MINVALORHORA, MAXVALORHORA) VALUES ('Monitor Instructor', 20000, 20000);
INSERT INTO CO_TIPOMONITOR (NOMBRE, MINVALORHORA, MAXVALORHORA) VALUES ('Monitor Pentágono', 20000, 20000);
INSERT INTO CO_TIPOMONITOR (NOMBRE, MINVALORHORA, MAXVALORHORA) VALUES ('Monitor Tutoría', 20000, 20000);

INSERT INTO CO_TIPOMONITORDEPENDENCIA (DEPENDENCIA, TIPOMONITOR) VALUES ('MATE', 110);
INSERT INTO CO_TIPOMONITORDEPENDENCIA (DEPENDENCIA, TIPOMONITOR) VALUES ('MATE', 111);
INSERT INTO CO_TIPOMONITORDEPENDENCIA (DEPENDENCIA, TIPOMONITOR) VALUES ('MATE', 112);
INSERT INTO CO_TIPOMONITORDEPENDENCIA (DEPENDENCIA, TIPOMONITOR) VALUES ('D', 113);

COMMIT;